test_id,label
1809,PermanentCrop
1100,Forest
2945,PermanentCrop
716,Pasture
4039,Forest
66,Forest
2237,Pasture
676,Pasture
439,Forest
720,Pasture
2339,Forest
307,PermanentCrop
3200,Forest
3913,Pasture
2930,Forest
3742,PermanentCrop
1047,Forest
1836,Forest
3564,Forest
3929,Forest
3931,PermanentCrop
3567,Forest
1340,PermanentCrop
129,PermanentCrop
1182,PermanentCrop
2414,Forest
874,Pasture
2261,Forest
1406,Forest
2427,Forest
3404,Forest
87,PermanentCrop
2720,PermanentCrop
2,Forest
2762,Forest
3196,Forest
3266,Pasture
2121,Forest
642,PermanentCrop
3016,PermanentCrop
3145,Forest
2909,Forest
1592,Forest
2164,Forest
2565,Pasture
2144,PermanentCrop
858,AnnualCrop
3952,Pasture
2837,PermanentCrop
2321,PermanentCrop
3998,PermanentCrop
1438,Forest
2801,Forest
999,Forest
440,Pasture
3569,Pasture
3438,PermanentCrop
2578,Industrial
1170,Forest
1466,Pasture
1436,Forest
1763,PermanentCrop
2153,Pasture
2130,Forest
3874,Forest
72,PermanentCrop
978,Forest
1314,Forest
3353,Forest
2724,PermanentCrop
3612,Forest
1203,Forest
4159,Pasture
2556,Pasture
3174,Forest
2587,PermanentCrop
3483,Pasture
3924,Forest
748,Industrial
3216,Forest
1908,PermanentCrop
1895,Forest
59,PermanentCrop
3714,Forest
3649,PermanentCrop
3590,Forest
4069,PermanentCrop
92,Forest
3192,Forest
2152,PermanentCrop
425,Forest
2051,Pasture
387,PermanentCrop
2342,Pasture
2764,Forest
3657,Pasture
1353,PermanentCrop
1155,PermanentCrop
1378,PermanentCrop
3505,Forest
1638,Forest
280,Forest
3405,Forest
1810,Forest
905,Forest
3067,PermanentCrop
2279,Forest
1830,Forest
886,Pasture
3948,Forest
2074,Forest
2846,Forest
2972,Forest
102,Forest
1370,PermanentCrop
3176,Forest
4068,Pasture
3390,Forest
2209,Forest
2118,PermanentCrop
3039,PermanentCrop
4075,Forest
1289,PermanentCrop
3157,Forest
2371,Forest
1605,Forest
2453,Forest
3554,Pasture
2351,Pasture
3593,Pasture
3184,Forest
843,PermanentCrop
1961,PermanentCrop
145,PermanentCrop
3823,PermanentCrop
2234,PermanentCrop
3215,PermanentCrop
3509,Forest
3038,Forest
3556,Forest
137,Forest
3705,PermanentCrop
301,PermanentCrop
889,Forest
498,Forest
3177,Forest
2006,PermanentCrop
1380,Forest
2856,Forest
2003,PermanentCrop
3606,PermanentCrop
1641,Forest
447,Forest
1183,Forest
617,Pasture
2698,Pasture
422,Industrial
3512,Forest
2114,Forest
3642,PermanentCrop
3892,PermanentCrop
776,Pasture
1048,Pasture
2226,PermanentCrop
3859,PermanentCrop
562,Pasture
3908,Forest
3529,Forest
3803,Forest
239,PermanentCrop
3441,Forest
3640,PermanentCrop
1232,Forest
1058,Forest
1216,Forest
1097,Forest
812,Pasture
746,Forest
4113,Forest
2563,Forest
178,HerbaceousVegetation
3652,HerbaceousVegetation
1744,Forest
1922,Forest
1946,Forest
2989,Industrial
1517,Forest
2904,PermanentCrop
1847,Forest
1175,PermanentCrop
1228,PermanentCrop
1475,Forest
1075,Pasture
310,Forest
4206,Forest
901,Forest
436,Forest
2839,Forest
3119,PermanentCrop
2833,Forest
1131,Forest
146,Forest
1220,Industrial
585,Pasture
1363,Forest
2965,PermanentCrop
3941,Forest
228,Forest
3344,Pasture
546,Forest
345,Forest
1246,Forest
596,Forest
798,Forest
3072,Forest
3006,Forest
1339,Forest
1361,Forest
40,Forest
3886,PermanentCrop
3872,PermanentCrop
1384,PermanentCrop
3557,PermanentCrop
2704,Forest
1971,Pasture
1727,Forest
3962,Pasture
2995,PermanentCrop
275,Forest
3968,Forest
1200,Forest
764,Pasture
2077,Pasture
2156,PermanentCrop
1188,Forest
460,PermanentCrop
2915,PermanentCrop
934,Forest
2059,AnnualCrop
3142,Forest
2613,Pasture
1938,Forest
3087,PermanentCrop
3778,Pasture
778,HerbaceousVegetation
2162,PermanentCrop
2155,Forest
1630,PermanentCrop
2513,Forest
2687,PermanentCrop
4014,Forest
4054,Forest
2982,Forest
1486,PermanentCrop
1897,Pasture
3300,Forest
3422,PermanentCrop
338,PermanentCrop
2679,Pasture
1258,PermanentCrop
2249,Forest
2404,PermanentCrop
1671,PermanentCrop
3337,Forest
124,Forest
461,Pasture
295,Forest
2813,Pasture
1012,Industrial
1725,Forest
3846,Forest
2702,Pasture
3227,Forest
1702,Forest
3325,Forest
3974,Pasture
2621,PermanentCrop
1850,Forest
1877,Forest
220,Forest
867,Forest
2901,Forest
1169,Highway
3572,Forest
2727,Forest
4193,Forest
300,Forest
1031,PermanentCrop
3416,Forest
3743,PermanentCrop
404,Forest
3281,Forest
564,PermanentCrop
1616,Pasture
1408,Forest
362,Forest
610,Forest
2803,Forest
2244,Forest
3387,PermanentCrop
1037,Forest
468,Forest
1002,HerbaceousVegetation
4214,Forest
660,Forest
700,PermanentCrop
3278,Forest
4173,PermanentCrop
1901,Pasture
3271,Forest
1634,PermanentCrop
2528,Forest
4104,Forest
1706,PermanentCrop
4213,PermanentCrop
3064,Pasture
2136,Forest
2384,Forest
1714,Forest
3836,Forest
2951,Forest
375,PermanentCrop
1934,PermanentCrop
91,PermanentCrop
147,Forest
1407,PermanentCrop
3207,Forest
105,PermanentCrop
4073,PermanentCrop
1752,Residential
1483,Forest
336,Forest
3905,Forest
1880,Forest
2169,Pasture
3051,Pasture
3068,Forest
834,PermanentCrop
3821,Forest
831,PermanentCrop
3839,AnnualCrop
1950,Pasture
2627,PermanentCrop
1506,Forest
2740,PermanentCrop
170,Forest
1399,Pasture
478,Forest
1248,Pasture
1111,PermanentCrop
272,PermanentCrop
1464,Forest
1758,Forest
73,Forest
2352,Forest
1567,Pasture
2959,Forest
3162,Forest
3550,Forest
3832,Forest
961,Pasture
346,PermanentCrop
3635,Forest
1859,PermanentCrop
4053,Forest
3730,PermanentCrop
3671,PermanentCrop
3194,PermanentCrop
1700,PermanentCrop
752,Pasture
101,PermanentCrop
873,Highway
2665,Forest
805,Pasture
2654,Forest
2398,PermanentCrop
2789,Forest
1433,Forest
3812,Forest
3746,Highway
3737,Pasture
1120,Forest
750,Forest
1212,Forest
1999,Forest
1461,Pasture
3033,PermanentCrop
571,Forest
621,Forest
537,Forest
2726,Forest
322,Forest
793,PermanentCrop
3225,Forest
1319,Forest
2832,Pasture
1754,Forest
855,Forest
2493,Pasture
3524,Pasture
3643,Forest
3146,Forest
955,Forest
2292,Pasture
1893,Forest
3944,PermanentCrop
1386,PermanentCrop
1521,Industrial
3073,Forest
1040,Forest
3289,Forest
3692,Forest
2663,PermanentCrop
1021,PermanentCrop
1420,PermanentCrop
3865,Forest
661,Forest
3719,Forest
2344,Forest
2034,Forest
2350,Forest
4035,Forest
1762,PermanentCrop
4083,Forest
405,Forest
940,Forest
2881,PermanentCrop
1794,Pasture
167,Pasture
76,PermanentCrop
3994,Forest
964,Forest
2070,Forest
330,Forest
3537,Forest
1896,Forest
2343,Forest
3393,Forest
1154,Forest
3526,Pasture
3592,Forest
4018,PermanentCrop
3442,Pasture
2467,Forest
3435,Forest
2941,PermanentCrop
1157,Forest
3506,PermanentCrop
2131,PermanentCrop
1375,PermanentCrop
1394,PermanentCrop
2624,Pasture
1396,Forest
550,PermanentCrop
2116,Pasture
2530,Forest
1071,Forest
2448,Forest
3304,Forest
2401,Forest
3032,Forest
395,Forest
3436,Forest
1973,Forest
1149,Pasture
3856,PermanentCrop
117,Forest
587,Forest
82,Pasture
3555,Forest
2976,Forest
3816,Forest
3212,PermanentCrop
856,Forest
3409,Forest
2379,Forest
78,Forest
2025,Forest
2496,Pasture
953,PermanentCrop
3471,PermanentCrop
3725,Pasture
753,PermanentCrop
4020,Forest
3263,Forest
846,Forest
245,Industrial
4165,Forest
1167,Pasture
1522,PermanentCrop
3828,Forest
1191,Forest
635,Pasture
3240,Forest
3626,Forest
1159,Forest
3864,Pasture
2741,Pasture
2890,Forest
1885,Forest
1666,PermanentCrop
723,PermanentCrop
1515,PermanentCrop
3453,Forest
325,Forest
3805,Forest
3419,PermanentCrop
2364,Forest
2460,Forest
1415,Pasture
1477,PermanentCrop
2060,Forest
3097,PermanentCrop
1916,Forest
3623,PermanentCrop
1335,PermanentCrop
1301,Forest
1180,PermanentCrop
4041,Forest
2822,Forest
3881,Forest
3219,Highway
3893,Forest
4066,Forest
2125,PermanentCrop
4140,Pasture
3814,Pasture
2932,Forest
3285,PermanentCrop
286,Pasture
3964,Forest
1891,PermanentCrop
2214,Forest
151,Pasture
1887,Pasture
3911,PermanentCrop
2618,Forest
227,Forest
2812,Forest
341,Forest
3399,Forest
3918,PermanentCrop
3122,PermanentCrop
1543,Pasture
2099,PermanentCrop
532,PermanentCrop
1979,Forest
2889,PermanentCrop
431,Forest
1429,Forest
3925,PermanentCrop
3473,PermanentCrop
2500,PermanentCrop
3597,Pasture
2045,Forest
3342,Forest
2433,Forest
2501,Forest
1988,Forest
4091,Forest
3154,PermanentCrop
2630,Forest
4210,PermanentCrop
1217,Forest
326,Pasture
765,Forest
2187,Forest
739,PermanentCrop
1559,Pasture
3900,Forest
2978,Forest
3784,PermanentCrop
1790,Industrial
2464,PermanentCrop
3338,Forest
742,Forest
3933,PermanentCrop
2038,Forest
2916,Forest
4029,PermanentCrop
1086,PermanentCrop
2524,Forest
3332,Forest
4076,PermanentCrop
3274,Forest
2766,PermanentCrop
2104,Forest
1063,Pasture
284,PermanentCrop
826,Pasture
2992,PermanentCrop
1488,PermanentCrop
2718,PermanentCrop
1560,PermanentCrop
1434,PermanentCrop
2670,PermanentCrop
1816,PermanentCrop
863,Highway
2188,PermanentCrop
2400,Pasture
3206,Pasture
2420,PermanentCrop
331,Pasture
157,PermanentCrop
3474,Forest
3928,Forest
99,Pasture
605,PermanentCrop
1298,Pasture
3960,Forest
743,Forest
1620,Forest
2788,Pasture
673,Forest
176,PermanentCrop
3243,Pasture
2355,Forest
1211,Pasture
3720,PermanentCrop
4155,Forest
2148,PermanentCrop
2952,HerbaceousVegetation
2520,Forest
1045,PermanentCrop
1906,Forest
2629,Forest
560,Forest
946,Forest
1719,Pasture
349,Forest
1349,Forest
3261,PermanentCrop
3171,Pasture
3375,PermanentCrop
1933,Forest
3970,Pasture
2632,Forest
236,Forest
2614,Forest
1773,Forest
4122,PermanentCrop
1430,Forest
3916,Forest
2755,Forest
4191,Pasture
2297,PermanentCrop
1413,Forest
27,Forest
2960,Pasture
2322,Forest
459,PermanentCrop
4109,Forest
3020,Pasture
1268,Pasture
1731,PermanentCrop
4004,PermanentCrop
708,Forest
2455,Pasture
2817,Forest
884,Forest
809,Pasture
1143,Forest
155,Forest
2497,Industrial
1713,Forest
3065,Forest
2432,PermanentCrop
2068,PermanentCrop
3354,Forest
2667,Pasture
4221,Forest
2579,PermanentCrop
2101,Pasture
2888,Forest
2216,Forest
2713,Forest
2217,Pasture
783,Forest
1803,PermanentCrop
837,PermanentCrop
3770,PermanentCrop
2908,Forest
3116,Forest
2515,Pasture
3510,Forest
4008,Industrial
640,Pasture
910,Forest
1839,PermanentCrop
2072,Pasture
3503,Forest
3093,Forest
3130,Forest
3741,Forest
1024,Forest
1797,PermanentCrop
64,Forest
4169,PermanentCrop
1206,AnnualCrop
732,Forest
719,Forest
156,Forest
1796,Forest
1822,Forest
1965,AnnualCrop
541,Pasture
1229,Pasture
813,Industrial
4160,PermanentCrop
3565,PermanentCrop
3319,Forest
3653,PermanentCrop
2037,Forest
206,Forest
3656,Forest
1526,Forest
2268,Forest
374,Forest
3086,PermanentCrop
2596,Forest
369,Forest
3017,Forest
777,Forest
4145,PermanentCrop
1540,Forest
1264,Pasture
3202,Forest
1225,Forest
3434,PermanentCrop
1662,Forest
1693,Forest
1798,Forest
1707,PermanentCrop
3584,Industrial
3170,PermanentCrop
1968,Forest
4153,Forest
1193,Pasture
3104,Forest
1817,PermanentCrop
3707,Forest
1553,Forest
1967,PermanentCrop
4168,Forest
1977,PermanentCrop
4,HerbaceousVegetation
1591,Forest
1283,PermanentCrop
1629,Forest
631,Forest
836,PermanentCrop
1364,PermanentCrop
2673,Industrial
2069,Pasture
500,PermanentCrop
1867,Forest
2176,Forest
1527,Forest
784,Pasture
681,Forest
3489,Industrial
3054,Forest
2033,Forest
771,Pasture
2485,HerbaceousVegetation
4019,Pasture
103,PermanentCrop
2253,Forest
138,PermanentCrop
2458,Forest
3726,Forest
3793,Forest
926,Forest
2547,Forest
2184,Forest
1219,Forest
2415,PermanentCrop
919,Forest
3753,Pasture
3432,Pasture
4139,PermanentCrop
3888,PermanentCrop
2495,Forest
1829,Forest
2765,PermanentCrop
474,Forest
1576,PermanentCrop
2958,Forest
35,PermanentCrop
625,Forest
2591,PermanentCrop
690,Forest
2340,Industrial
314,PermanentCrop
3938,PermanentCrop
991,Forest
1366,Forest
2631,Forest
265,HerbaceousVegetation
3801,Pasture
2585,PermanentCrop
379,PermanentCrop
3447,Forest
2572,Industrial
26,AnnualCrop
1602,Pasture
3752,PermanentCrop
3057,Forest
1631,Forest
2091,Forest
790,PermanentCrop
3101,Forest
2479,Forest
3298,Forest
583,Forest
3875,PermanentCrop
994,Forest
686,Pasture
1423,Forest
1124,PermanentCrop
2776,PermanentCrop
3891,Forest
3349,Forest
1474,Pasture
3815,PermanentCrop
872,Industrial
1274,Forest
1412,PermanentCrop
2280,Forest
182,Forest
2471,Pasture
3613,PermanentCrop
1273,PermanentCrop
1578,Forest
2165,PermanentCrop
983,Forest
21,PermanentCrop
168,Pasture
1458,Forest
1068,Forest
225,Forest
2825,Pasture
3947,Forest
2953,PermanentCrop
462,PermanentCrop
597,Forest
1924,Industrial
593,PermanentCrop
4178,Pasture
3513,PermanentCrop
1617,PermanentCrop
133,Forest
1583,PermanentCrop
1580,Pasture
2936,PermanentCrop
1658,Pasture
4154,Pasture
2048,HerbaceousVegetation
2030,Pasture
2810,Pasture
81,Forest
368,PermanentCrop
1162,Pasture
2774,PermanentCrop
2835,Pasture
3286,Forest
343,Forest
827,Forest
4030,Forest
1299,Forest
3716,Forest
360,Forest
2119,Forest
4177,PermanentCrop
1287,PermanentCrop
2486,PermanentCrop
30,Forest
1554,Forest
1558,PermanentCrop
4042,PermanentCrop
615,Forest
3252,PermanentCrop
3751,Forest
830,PermanentCrop
1306,Forest
3180,Forest
2870,PermanentCrop
2964,Pasture
3517,Pasture
3841,Industrial
2236,PermanentCrop
2362,Forest
3043,PermanentCrop
2644,Forest
2968,Forest
698,PermanentCrop
2305,Forest
2439,Forest
255,Forest
3203,Forest
624,Forest
3932,Forest
3783,PermanentCrop
3005,Forest
2735,Forest
877,Pasture
1932,Forest
3713,Pasture
2132,Forest
421,Forest
1512,Forest
2477,PermanentCrop
208,Forest
1643,Forest
556,Forest
3394,PermanentCrop
3231,Pasture
1140,PermanentCrop
2490,Forest
2447,Forest
4211,PermanentCrop
3041,Pasture
2491,Forest
2435,Forest
3100,Forest
2600,PermanentCrop
97,Forest
1345,Forest
4220,PermanentCrop
1006,Forest
595,PermanentCrop
2056,PermanentCrop
1,PermanentCrop
4082,PermanentCrop
501,Forest
2564,Forest
1226,Pasture
2138,PermanentCrop
3094,PermanentCrop
148,PermanentCrop
1279,Forest
3847,PermanentCrop
3373,Forest
2504,Forest
2126,Forest
3482,Forest
184,PermanentCrop
2269,Forest
880,Forest
1595,Pasture
192,PermanentCrop
1393,Forest
2314,PermanentCrop
3251,PermanentCrop
2745,PermanentCrop
4150,Forest
1049,PermanentCrop
3580,Pasture
2298,PermanentCrop
4027,PermanentCrop
1548,PermanentCrop
451,Forest
3485,PermanentCrop
2887,Pasture
3602,Forest
8,Forest
1652,Forest
3830,Industrial
2053,PermanentCrop
1913,Forest
2871,PermanentCrop
1331,Forest
3214,Forest
2452,Forest
2472,Forest
1347,Forest
1051,AnnualCrop
2705,PermanentCrop
590,Pasture
1724,Pasture
1779,River
2391,Forest
933,Highway
1187,Forest
1767,Forest
1281,Forest
1238,Forest
2795,Forest
3921,Forest
321,Pasture
3328,PermanentCrop
1623,Forest
3788,Pasture
2067,Forest
2828,Forest
1690,PermanentCrop
2645,Forest
2536,PermanentCrop
2597,Pasture
736,Pasture
2678,Highway
665,PermanentCrop
2929,PermanentCrop
4185,Forest
4105,Forest
2201,Pasture
4129,Forest
1489,Forest
1328,PermanentCrop
520,HerbaceousVegetation
2942,Forest
420,Forest
614,PermanentCrop
4200,Forest
600,Forest
3540,PermanentCrop
1080,Forest
162,PermanentCrop
2336,Industrial
3747,PermanentCrop
246,Pasture
3282,Forest
3688,PermanentCrop
2858,Forest
3236,Pasture
4056,PermanentCrop
1256,Forest
2781,Forest
1853,Pasture
4102,Forest
1842,Forest
1562,Forest
644,Pasture
2872,Industrial
734,PermanentCrop
4059,Forest
3755,PermanentCrop
2711,Forest
2323,Pasture
3234,PermanentCrop
1247,Forest
3697,Forest
2555,PermanentCrop
993,PermanentCrop
1014,PermanentCrop
2512,Forest
3254,Forest
1355,Pasture
104,Pasture
2531,Pasture
484,Pasture
636,Forest
3418,Forest
3667,PermanentCrop
701,Forest
3999,Forest
3059,Industrial
253,Forest
1940,PermanentCrop
3226,PermanentCrop
2913,Forest
1282,Forest
4207,Forest
204,Forest
4201,Forest
1172,Forest
3673,PermanentCrop
598,Forest
2527,Pasture
1614,PermanentCrop
348,PermanentCrop
2534,Forest
3507,PermanentCrop
957,Forest
3731,PermanentCrop
3055,Pasture
559,Pasture
2001,PermanentCrop
1639,PermanentCrop
1701,PermanentCrop
4098,HerbaceousVegetation
3923,Forest
3703,Forest
2744,Forest
574,PermanentCrop
1681,PermanentCrop
2544,PermanentCrop
2767,HerbaceousVegetation
1858,PermanentCrop
303,Pasture
2518,Forest
3175,Forest
2270,Forest
2157,Forest
2390,PermanentCrop
1805,Pasture
4045,PermanentCrop
3628,Forest
200,Pasture
2772,Pasture
2154,PermanentCrop
1996,PermanentCrop
2849,Pasture
580,PermanentCrop
1978,Pasture
2042,PermanentCrop
3437,Forest
3374,PermanentCrop
4202,PermanentCrop
2635,Pasture
2212,PermanentCrop
373,PermanentCrop
3926,Forest
4106,HerbaceousVegetation
3587,Forest
2096,Forest
1023,PermanentCrop
3465,Forest
1502,PermanentCrop
3011,Forest
594,Forest
1029,Pasture
3734,Forest
4123,Pasture
763,Forest
527,Pasture
2712,Pasture
2325,Forest
2129,PermanentCrop
671,Pasture
2180,AnnualCrop
2609,Pasture
1735,PermanentCrop
2816,Pasture
1440,Forest
2970,Pasture
713,Forest
3500,PermanentCrop
667,Forest
190,Forest
1009,Forest
3625,Forest
1144,Forest
1234,Pasture
2137,Forest
960,Forest
3702,Forest
3124,Forest
1995,PermanentCrop
3568,Forest
1749,Forest
3706,Forest
3861,PermanentCrop
2469,PermanentCrop
152,Forest
271,Forest
1270,Forest
3596,Forest
892,Forest
2592,Forest
1479,Forest
269,Forest
277,Forest
3153,PermanentCrop
2523,PermanentCrop
3018,PermanentCrop
3542,Forest
442,Forest
1262,Forest
3800,Forest
372,HerbaceousVegetation
361,Pasture
1136,PermanentCrop
567,PermanentCrop
122,Pasture
607,Forest
3408,PermanentCrop
2450,Forest
2417,PermanentCrop
683,Forest
2395,Forest
2083,Forest
1218,PermanentCrop
2559,Forest
2969,Forest
339,PermanentCrop
4132,Forest
524,Pasture
1148,PermanentCrop
2517,PermanentCrop
438,Forest
1482,Forest
1929,Forest
3811,Highway
2232,Forest
2516,Forest
3760,PermanentCrop
3896,Forest
108,Forest
412,PermanentCrop
1302,PermanentCrop
495,Forest
4180,Pasture
3936,Forest
2659,PermanentCrop
2725,Pasture
3534,PermanentCrop
3842,PermanentCrop
726,Forest
2899,Forest
4088,Forest
2612,Forest
1528,Pasture
1010,Forest
1036,Forest
2653,Forest
4156,Forest
824,Forest
2013,PermanentCrop
3069,PermanentCrop
2779,Forest
3689,Forest
1751,Pasture
359,Forest
2984,Forest
453,Forest
3470,Pasture
1327,Forest
2109,Forest
3967,PermanentCrop
1348,PermanentCrop
4003,Pasture
2392,PermanentCrop
3611,Forest
3508,PermanentCrop
1665,Industrial
262,Forest
2522,Pasture
704,Pasture
1028,Forest
616,PermanentCrop
2062,PermanentCrop
2281,Pasture
1026,Forest
1511,PermanentCrop
2545,Pasture
2430,PermanentCrop
2798,Forest
3320,PermanentCrop
3745,PermanentCrop
1759,Forest
2875,Pasture
1437,Pasture
1555,Forest
3927,Forest
3398,Forest
2622,PermanentCrop
1487,Forest
3552,PermanentCrop
1465,Forest
2842,Forest
663,Pasture
290,Forest
3488,Forest
533,Forest
2243,Forest
2756,Forest
181,Forest
3305,PermanentCrop
1296,Pasture
799,Forest
1106,Forest
2163,PermanentCrop
2327,PermanentCrop
3686,Pasture
3548,Forest
110,Highway
1982,Forest
1529,Pasture
1808,PermanentCrop
2103,Pasture
3939,Forest
1533,Forest
3934,Forest
3036,PermanentCrop
828,Forest
413,Pasture
2149,Pasture
1549,Pasture
4138,Forest
2331,PermanentCrop
849,PermanentCrop
435,Forest
626,PermanentCrop
3370,Pasture
3744,Industrial
823,Pasture
566,Pasture
2183,PermanentCrop
1953,Forest
3775,PermanentCrop
3906,Pasture
2459,Forest
2519,PermanentCrop
2076,Pasture
217,PermanentCrop
2511,Forest
3965,Forest
324,Pasture
1612,Industrial
653,Forest
3150,Forest
259,Pasture
3163,Forest
2660,PermanentCrop
279,Forest
4049,Forest
1608,PermanentCrop
2254,Forest
464,PermanentCrop
3152,Forest
3804,Highway
89,Forest
428,Pasture
3675,Forest
2456,Forest
201,Forest
2998,PermanentCrop
3244,Forest
4174,Forest
2423,Forest
3831,Pasture
312,Forest
2173,Industrial
3383,PermanentCrop
3420,PermanentCrop
305,Forest
3871,PermanentCrop
3283,PermanentCrop
515,Forest
3232,Pasture
2661,Forest
755,Forest
893,Forest
3993,Forest
4197,Forest
496,Forest
2576,Pasture
2444,Forest
1785,Forest
309,Forest
1712,Forest
4117,Forest
3520,Forest
85,Forest
3402,Forest
2898,Forest
912,Pasture
1046,Forest
3668,Forest
601,HerbaceousVegetation
3090,Forest
592,Pasture
3454,Forest
3233,PermanentCrop
2993,PermanentCrop
1926,PermanentCrop
1770,Forest
3268,PermanentCrop
3258,Forest
2685,Forest
74,Pasture
1336,Pasture
952,Forest
207,Pasture
881,Forest
1866,PermanentCrop
656,Forest
1942,PermanentCrop
4205,Pasture
2361,Pasture
3658,PermanentCrop
3676,PermanentCrop
3627,PermanentCrop
894,PermanentCrop
248,Forest
1568,PermanentCrop
801,Forest
2589,Forest
3185,Forest
1622,PermanentCrop
1508,Forest
2475,Pasture
3414,Forest
3459,Forest
1717,PermanentCrop
2408,PermanentCrop
1388,PermanentCrop
3903,Pasture
1485,Pasture
1135,PermanentCrop
2722,Forest
1637,PermanentCrop
1684,Forest
1432,Forest
865,Forest
1905,Forest
244,Forest
545,Forest
75,Pasture
4038,Forest
1178,PermanentCrop
4223,PermanentCrop
216,Forest
796,Forest
3665,Forest
1680,Forest
1876,Forest
2294,PermanentCrop
1807,Forest
899,Forest
1886,Forest
3980,Forest
2948,Forest
1321,Forest
2859,PermanentCrop
24,Forest
1765,PermanentCrop
1019,PermanentCrop
2642,Forest
1598,Forest
2316,Forest
3982,Forest
759,PermanentCrop
1310,PermanentCrop
3301,Forest
3464,Forest
3075,Forest
3013,Forest
1981,Forest
2436,PermanentCrop
3873,PermanentCrop
198,Pasture
3890,Pasture
77,Forest
1059,Pasture
3102,PermanentCrop
604,PermanentCrop
1395,PermanentCrop
2651,Forest
3022,Forest
4228,Pasture
2219,Forest
256,PermanentCrop
3377,Forest
1091,Pasture
3448,PermanentCrop
965,PermanentCrop
3717,PermanentCrop
3355,Forest
2841,Forest
13,PermanentCrop
418,Forest
3629,Forest
633,HerbaceousVegetation
3681,PermanentCrop
1035,Forest
429,PermanentCrop
160,PermanentCrop
4226,Forest
2465,Industrial
116,Forest
4170,Forest
2507,Forest
3577,PermanentCrop
1173,Forest
2360,Forest
3694,PermanentCrop
2693,Forest
149,Forest
2974,Forest
165,PermanentCrop
247,PermanentCrop
1991,PermanentCrop
2510,Pasture
408,Pasture
1532,Forest
1846,Industrial
15,Forest
745,Forest
2437,PermanentCrop
2602,Forest
569,Forest
2100,Forest
3615,Pasture
1294,Forest
3519,Forest
486,Forest
2480,Forest
1881,Pasture
3070,Forest
2925,PermanentCrop
1894,Forest
1177,Forest
457,PermanentCrop
3608,Forest
3679,PermanentCrop
1401,PermanentCrop
4148,Forest
1676,Forest
4048,PermanentCrop
864,Forest
3558,Forest
4017,Forest
3762,PermanentCrop
115,Forest
2703,Forest
1117,Forest
399,Pasture
3092,Forest
1730,Pasture
1107,PermanentCrop
2220,Forest
3777,PermanentCrop
401,Forest
347,HerbaceousVegetation
618,PermanentCrop
1168,PermanentCrop
3616,Forest
2638,Pasture
100,Forest
2616,PermanentCrop
2242,PermanentCrop
815,Forest
58,Forest
1004,Forest
1799,Forest
1994,Pasture
2866,Pasture
2715,PermanentCrop
80,PermanentCrop
1254,AnnualCrop
3183,Forest
976,Forest
1318,Pasture
2221,Forest
403,Forest
4124,PermanentCrop
50,PermanentCrop
2039,Forest
1838,Forest
1497,Forest
1020,Forest
522,Pasture
441,Forest
3107,Forest
1257,Pasture
4231,Forest
3949,Forest
2717,Forest
1849,Forest
2301,Forest
4061,Forest
3001,Forest
1290,Forest
1001,Forest
1998,PermanentCrop
3789,Pasture
2018,PermanentCrop
3439,Forest
2648,Forest
2838,Forest
119,Industrial
3797,Forest
4120,Forest
3221,Forest
2903,HerbaceousVegetation
1801,Pasture
4189,Forest
3294,PermanentCrop
3352,PermanentCrop
3220,Pasture
1917,PermanentCrop
913,Industrial
3141,Forest
4044,Forest
1755,PermanentCrop
1418,Forest
2926,Pasture
2606,PermanentCrop
2878,Forest
2574,PermanentCrop
1003,Pasture
1745,Forest
88,Forest
3586,Forest
1428,Forest
3820,PermanentCrop
1056,PermanentCrop
3,Forest
3392,Highway
2666,Forest
1422,PermanentCrop
3302,Forest
1627,PermanentCrop
1670,Forest
1530,Forest
194,Forest
4187,Pasture
2823,Forest
914,Forest
2706,Forest
1041,Forest
3213,Forest
3040,Pasture
4227,Forest
3585,Forest
2200,PermanentCrop
3996,Forest
2548,Forest
557,Forest
820,PermanentCrop
432,PermanentCrop
945,PermanentCrop
1715,PermanentCrop
377,Forest
337,Pasture
3987,PermanentCrop
4131,Forest
234,Pasture
183,Pasture
3647,Forest
499,Forest
3129,Forest
3562,Forest
2862,Forest
2262,PermanentCrop
3138,Forest
4103,Forest
1053,Forest
3295,Pasture
979,Forest
786,Forest
2454,Pasture
4194,PermanentCrop
3633,PermanentCrop
171,Forest
2937,PermanentCrop
392,Pasture
4031,Forest
257,Forest
1027,Forest
1606,PermanentCrop
393,Forest
4060,Pasture
2160,Forest
3680,Pasture
2739,Forest
2387,Forest
2026,Forest
2719,PermanentCrop
2303,Pasture
3250,Forest
3527,Forest
1944,Pasture
2133,Forest
3010,Pasture
3443,PermanentCrop
2583,Forest
235,PermanentCrop
3255,Forest
578,Forest
2009,Forest
1367,Pasture
316,PermanentCrop
3930,PermanentCrop
1007,Forest
3395,Forest
638,Forest
55,PermanentCrop
1672,Pasture
213,Forest
2861,Forest
1417,Forest
3182,Industrial
2207,PermanentCrop
3922,Forest
3693,Forest
2089,Forest
214,Forest
4111,Forest
2394,Pasture
2652,Forest
992,Forest
2014,Forest
3292,Forest
3369,Forest
1251,PermanentCrop
4118,PermanentCrop
2796,PermanentCrop
2646,Forest
1889,Forest
1240,Pasture
2049,Forest
989,PermanentCrop
3440,PermanentCrop
132,Forest
4126,PermanentCrop
1079,PermanentCrop
4025,Forest
1985,Forest
2674,Forest
1718,Forest
3296,PermanentCrop
1824,Pasture
1694,Forest
1747,Forest
465,Forest
2967,Forest
3977,PermanentCrop
1441,Pasture
317,PermanentCrop
2792,PermanentCrop
3316,PermanentCrop
2235,Pasture
1018,Forest
4021,Forest
3920,Pasture
128,Pasture
2231,Forest
402,Forest
2127,PermanentCrop
724,Pasture
3019,Forest
4119,Forest
3346,Forest
1542,Forest
939,Forest
1800,PermanentCrop
3889,Forest
2337,PermanentCrop
28,Forest
2734,Forest
2203,Forest
1416,Forest
268,Forest
4128,Forest
3691,Forest
199,Pasture
3857,Forest
233,PermanentCrop
1126,Industrial
1064,HerbaceousVegetation
3724,Forest
2794,Forest
1552,PermanentCrop
1089,PermanentCrop
539,Pasture
1095,Forest
3501,PermanentCrop
3230,Pasture
1871,PermanentCrop
923,Forest
2777,Forest
3644,Forest
3313,Pasture
450,Forest
315,Forest
1507,Pasture
1729,Pasture
221,Forest
2582,Pasture
454,PermanentCrop
1322,Forest
1740,PermanentCrop
3898,PermanentCrop
112,Forest
488,Forest
2286,PermanentCrop
4183,Forest
41,Forest
1737,Forest
3340,Industrial
3973,Forest
639,Industrial
1757,Forest
672,Forest
3771,Forest
2374,Forest
2198,PermanentCrop
2983,PermanentCrop
443,Forest
1293,Forest
4067,Forest
1573,Forest
3096,Pasture
718,Forest
3838,PermanentCrop
2041,PermanentCrop
2000,PermanentCrop
3883,Pasture
1496,PermanentCrop
760,PermanentCrop
2396,PermanentCrop
1463,PermanentCrop
48,Forest
1860,PermanentCrop
897,PermanentCrop
3411,Pasture
4179,HerbaceousVegetation
3798,Forest
646,PermanentCrop
1271,Forest
2023,Forest
779,Industrial
3451,Forest
3078,Forest
530,PermanentCrop
643,PermanentCrop
1152,PermanentCrop
721,Industrial
1872,Forest
1090,PermanentCrop
2552,Forest
658,Forest
2193,PermanentCrop
575,Industrial
2278,Forest
3571,PermanentCrop
11,Forest
2283,Forest
3303,PermanentCrop
2367,Forest
3852,Forest
2027,Forest
1034,Forest
363,River
1732,Pasture
591,Industrial
79,Forest
3297,Forest
3607,PermanentCrop
3457,PermanentCrop
1504,Forest
1923,Forest
3794,Pasture
1156,Forest
1772,Forest
3515,Forest
2386,Pasture
1115,Forest
4009,Forest
3407,PermanentCrop
3197,Forest
3317,River
261,Forest
63,PermanentCrop
4087,PermanentCrop
20,Forest
497,Forest
3427,Forest
3023,Forest
2628,Forest
2939,PermanentCrop
1016,Forest
1096,Forest
2333,Forest
3493,Forest
456,Forest
3276,Forest
3299,PermanentCrop
4023,Pasture
1878,Forest
1467,Forest
861,Forest
2094,Pasture
2879,PermanentCrop
1920,PermanentCrop
3806,Forest
2019,Pasture
1176,Pasture
1011,Industrial
1984,Forest
1697,Pasture
1708,Forest
3551,Forest
918,Pasture
1531,PermanentCrop
2521,Forest
1503,PermanentCrop
2195,PermanentCrop
4052,PermanentCrop
2797,HerbaceousVegetation
3547,Forest
1852,PermanentCrop
2560,Forest
2814,Forest
130,PermanentCrop
3957,Forest
3156,Forest
675,Forest
1900,Forest
1308,Forest
3660,PermanentCrop
792,PermanentCrop
3809,Forest
135,PermanentCrop
3641,Pasture
1663,Pasture
1628,Forest
1338,Forest
3322,Forest
3976,Forest
1108,Forest
2946,Forest
514,Forest
769,PermanentCrop
931,Forest
3047,Forest
311,PermanentCrop
3833,Industrial
2431,Forest
1603,Forest
2223,Pasture
172,PermanentCrop
3031,Pasture
628,PermanentCrop
1769,Forest
2526,Forest
4034,Forest
1263,PermanentCrop
909,Forest
202,PermanentCrop
1472,Forest
4012,Forest
2640,Forest
1691,Forest
3544,Forest
1927,PermanentCrop
1280,Forest
2956,Forest
490,Forest
2710,PermanentCrop
282,Forest
18,PermanentCrop
4134,PermanentCrop
2081,PermanentCrop
1826,Pasture
2313,Pasture
1043,Forest
222,Highway
3539,Pasture
2550,HerbaceousVegetation
975,Forest
3269,Forest
2525,Forest
2778,Forest
2868,Forest
2357,Forest
2746,Industrial
4135,Forest
1780,Forest
1699,Forest
1223,Forest
712,Industrial
1688,PermanentCrop
2785,Forest
1648,PermanentCrop
2977,Forest
4080,Pasture
4070,Pasture
2676,PermanentCrop
1954,Pasture
180,PermanentCrop
3247,Forest
4084,PermanentCrop
3095,Forest
471,Forest
4016,Pasture
967,PermanentCrop
3400,PermanentCrop
883,Forest
3672,Forest
1536,Pasture
810,PermanentCrop
2478,Pasture
757,Forest
3696,Forest
1590,PermanentCrop
2046,Forest
1653,PermanentCrop
2876,Forest
936,PermanentCrop
2255,Forest
448,Forest
1253,Forest
3808,Forest
1675,Forest
1499,Forest
3609,Forest
475,Pasture
3574,Forest
2920,PermanentCrop
3181,Forest
1642,Forest
2991,PermanentCrop
291,Forest
3621,Forest
1789,Pasture
2688,PermanentCrop
666,Forest
2893,Forest
1288,Forest
1443,Pasture
1980,HerbaceousVegetation
1350,Forest
1304,Forest
437,PermanentCrop
219,Forest
47,Forest
3764,Forest
2110,Forest
3563,PermanentCrop
3140,PermanentCrop
1493,Highway
2605,Forest
2140,Forest
3666,AnnualCrop
3985,Highway
890,PermanentCrop
772,Pasture
2857,Forest
1869,Forest
3238,Pasture
2593,Pasture
586,PermanentCrop
388,River
4081,PermanentCrop
2677,Forest
1705,Forest
3523,Forest
2492,Forest
2931,Forest
466,Forest
223,Forest
3727,PermanentCrop
670,PermanentCrop
2271,Forest
2938,PermanentCrop
1786,PermanentCrop
4001,PermanentCrop
68,HerbaceousVegetation
1451,PermanentCrop
2690,PermanentCrop
1425,Forest
4186,PermanentCrop
1854,Pasture
4047,Forest
3396,Forest
3966,PermanentCrop
306,Forest
4063,Pasture
3077,Forest
1313,PermanentCrop
2979,PermanentCrop
1736,Industrial
406,Forest
3143,PermanentCrop
3060,Pasture
3618,Pasture
1329,Forest
3958,Pasture
1912,Pasture
2611,PermanentCrop
1589,PermanentCrop
1597,Forest
4062,Forest
381,Pasture
974,PermanentCrop
3333,Forest
3840,Forest
2921,PermanentCrop
1687,PermanentCrop
292,Forest
351,Forest
3458,Pasture
3576,PermanentCrop
1069,Forest
531,Forest
1103,PermanentCrop
3767,Forest
2773,PermanentCrop
3664,Forest
1245,Forest
3136,Forest
485,PermanentCrop
2190,Forest
2429,Forest
2179,PermanentCrop
3091,PermanentCrop
2884,Highway
3284,Forest
2561,Forest
366,PermanentCrop
1534,Forest
1990,PermanentCrop
767,Forest
1813,PermanentCrop
60,Forest
3687,Forest
237,Forest
2369,PermanentCrop
1821,PermanentCrop
84,Forest
2345,Pasture
1632,Pasture
4108,PermanentCrop
4133,PermanentCrop
2256,PermanentCrop
2102,Pasture
1501,Forest
654,PermanentCrop
323,Forest
1733,Forest
3504,Forest
3495,Forest
3549,Pasture
3339,Forest
4192,PermanentCrop
3776,Industrial
3218,Forest
93,Forest
3241,PermanentCrop
959,Forest
4143,Forest
3819,PermanentCrop
3118,Pasture
544,PermanentCrop
2029,PermanentCrop
2328,PermanentCrop
3895,PermanentCrop
2272,PermanentCrop
3327,Pasture
3165,PermanentCrop
3035,Forest
4222,Forest
740,Pasture
1118,Pasture
685,Forest
3490,Pasture
563,Industrial
71,Forest
2032,Forest
318,Forest
274,Forest
2117,Pasture
3066,PermanentCrop
2035,PermanentCrop
3995,Forest
2922,PermanentCrop
3149,Forest
1723,PermanentCrop
1832,Forest
3988,Forest
2425,PermanentCrop
2124,PermanentCrop
3273,Pasture
2625,Forest
2335,Pasture
1587,PermanentCrop
2935,PermanentCrop
10,Forest
3257,Industrial
34,Pasture
1661,PermanentCrop
2031,PermanentCrop
1644,PermanentCrop
1452,Highway
3522,Forest
1067,Forest
629,Forest
558,PermanentCrop
2749,Pasture
3639,Forest
4077,Forest
1303,PermanentCrop
1202,Forest
4107,Forest
3699,Pasture
3167,Forest
3361,PermanentCrop
3089,PermanentCrop
57,Forest
1566,Forest
835,Forest
3345,Pasture
3030,Forest
3007,PermanentCrop
3081,AnnualCrop
2539,Pasture
3854,Forest
3620,Forest
3103,Forest
1756,Forest
970,PermanentCrop
1655,Pasture
3514,PermanentCrop
3159,Pasture
1098,PermanentCrop
3410,Forest
2963,Forest
2488,Forest
729,Forest
535,PermanentCrop
1825,PermanentCrop
1284,Pasture
2381,Forest
4149,PermanentCrop
205,Forest
4043,Forest
242,Forest
210,Forest
568,Pasture
717,Forest
2799,Pasture
2860,Forest
2847,PermanentCrop
703,PermanentCrop
131,Forest
187,Forest
1469,Forest
4198,Forest
2266,Forest
1650,Pasture
179,Forest
3818,PermanentCrop
3711,Pasture
384,Industrial
2626,Forest
2818,PermanentCrop
2542,PermanentCrop
737,Forest
3088,Pasture
1470,Forest
1102,Pasture
695,Forest
4074,PermanentCrop
1088,Forest
722,Pasture
3834,Forest
3655,Highway
2196,Forest
669,Pasture
136,Forest
2874,PermanentCrop
3670,PermanentCrop
4114,Forest
2483,Forest
2883,PermanentCrop
3012,Forest
4181,Forest
1166,Pasture
1376,Pasture
1837,Highway
725,PermanentCrop
212,PermanentCrop
2378,Forest
3682,PermanentCrop
3003,Forest
2567,Forest
51,Forest
2442,AnnualCrop
4064,Forest
2238,Forest
3147,Pasture
3942,Pasture
2708,Pasture
1564,Forest
3025,Forest
215,Forest
900,PermanentCrop
555,PermanentCrop
1972,PermanentCrop
3099,Forest
3315,Forest
3310,Forest
1721,Forest
3695,Pasture
1224,PermanentCrop
1635,Forest
1820,Forest
2370,PermanentCrop
1190,Pasture
854,PermanentCrop
12,PermanentCrop
1819,PermanentCrop
3249,PermanentCrop
2365,Forest
2783,Pasture
2410,Forest
1778,Forest
2197,Forest
3433,Pasture
1541,PermanentCrop
1760,Forest
197,PermanentCrop
1435,Forest
1738,Pasture
584,Forest
1834,PermanentCrop
2066,Forest
445,Forest
1072,PermanentCrop
1404,PermanentCrop
2537,Forest
508,PermanentCrop
3256,Forest
229,Forest
3511,Forest
139,Forest
3516,PermanentCrop
2692,Forest
1113,Forest
358,Forest
1525,Forest
3478,PermanentCrop
797,Forest
561,Highway
1599,PermanentCrop
2424,PermanentCrop
3817,Forest
1421,Forest
795,PermanentCrop
1222,Forest
512,Forest
1903,Forest
1654,Pasture
191,Highway
3312,Forest
697,Pasture
3168,Forest
1389,Pasture
53,Forest
543,Pasture
2499,Forest
390,HerbaceousVegetation
3599,Forest
163,Pasture
3076,Forest
2620,Forest
3403,Pasture
2957,PermanentCrop
2768,Forest
581,Forest
458,PermanentCrop
528,Forest
2111,PermanentCrop
1165,Forest
1585,PermanentCrop
1739,PermanentCrop
1547,PermanentCrop
888,PermanentCrop
525,Pasture
1771,Pasture
4026,Forest
2225,Forest
958,Pasture
3199,PermanentCrop
4022,PermanentCrop
364,Forest
302,PermanentCrop
1941,Forest
409,Forest
3589,Forest
3704,Forest
2851,Forest
470,Forest
692,Forest
2405,Forest
2800,PermanentCrop
2658,Forest
3341,PermanentCrop
2760,Forest
811,Forest
1337,PermanentCrop
1261,PermanentCrop
45,PermanentCrop
285,Forest
483,AnnualCrop
407,Highway
4130,Forest
1076,Forest
2229,PermanentCrop
3371,Forest
2761,Forest
3546,Forest
839,Forest
1875,PermanentCrop
832,Forest
1787,Forest
3954,Forest
2368,PermanentCrop
1516,Forest
2128,Forest
3063,PermanentCrop
481,Forest
785,Forest
3326,Pasture
2043,Pasture
1640,Forest
1236,Forest
2601,PermanentCrop
1863,Forest
3981,Pasture
1909,Forest
2577,PermanentCrop
416,Industrial
848,Forest
2299,PermanentCrop
3992,PermanentCrop
1890,Forest
3187,PermanentCrop
547,Forest
1966,PermanentCrop
664,Forest
791,Forest
2848,Forest
169,PermanentCrop
4209,Pasture
2571,Forest
3674,Forest
502,Forest
1330,Forest
2385,Forest
1993,Pasture
956,Forest
1199,Forest
4050,Forest
2757,AnnualCrop
3919,Forest
1613,PermanentCrop
3543,Pasture
3028,Forest
1385,PermanentCrop
4199,Pasture
4051,Forest
1753,PermanentCrop
1360,Forest
2742,PermanentCrop
3262,Forest
332,PermanentCrop
1949,Forest
1679,PermanentCrop
2248,Forest
1581,Pasture
804,Forest
2831,Pasture
1955,Forest
1571,PermanentCrop
1788,Industrial
3048,PermanentCrop
2944,Forest
240,Forest
3650,Forest
2113,Forest
3867,PermanentCrop
2015,Forest
932,Pasture
662,Pasture
2300,Forest
4146,Pasture
3139,HerbaceousVegetation
2409,Pasture
3080,Pasture
2608,PermanentCrop
1189,Forest
4101,Forest
3826,Forest
1781,Forest
2675,AnnualCrop
3955,Forest
2907,PermanentCrop
1397,Pasture
3581,Forest
3164,Forest
1795,PermanentCrop
140,AnnualCrop
1593,Forest
1947,PermanentCrop
2122,Forest
4095,Forest
1061,Forest
3869,PermanentCrop
3444,Pasture
3307,Forest
2315,Forest
995,PermanentCrop
3588,Pasture
1868,Pasture
2057,AnnualCrop
3912,Pasture
2044,Forest
1827,PermanentCrop
1085,PermanentCrop
2363,Pasture
2599,Forest
1975,PermanentCrop
3989,Forest
266,Forest
731,PermanentCrop
1235,Forest
394,PermanentCrop
2445,PermanentCrop
22,Forest
1746,Forest
906,Pasture
258,Pasture
2348,Forest
1153,Forest
3397,Forest
2230,Pasture
3645,Forest
2683,Forest
2636,Pasture
1326,PermanentCrop
2332,Forest
1334,PermanentCrop
1833,Forest
997,PermanentCrop
903,Forest
800,Forest
56,PermanentCrop
814,Forest
2411,PermanentCrop
3469,Forest
711,PermanentCrop
3280,Forest
3754,Forest
196,Pasture
4089,Forest
680,PermanentCrop
1150,PermanentCrop
3201,Forest
2166,Forest
289,PermanentCrop
1831,PermanentCrop
1065,Pasture
3190,Forest
4137,PermanentCrop
2557,Pasture
630,Forest
2919,Forest
1537,PermanentCrop
94,Forest
3969,Forest
1038,Pasture
2986,Pasture
1357,HerbaceousVegetation
1621,Pasture
620,Forest
1935,PermanentCrop
519,PermanentCrop
2171,Forest
3825,PermanentCrop
2684,Forest
2990,Forest
3045,PermanentCrop
2834,Forest
3106,Forest
2954,Forest
4151,PermanentCrop
1855,Forest
2514,Forest
380,Forest
2747,PermanentCrop
4093,Forest
2308,PermanentCrop
3002,AnnualCrop
747,Forest
70,Forest
1312,Forest
3715,Forest
2159,Forest
2840,Forest
2233,Pasture
3781,Forest
1324,Forest
42,PermanentCrop
308,Pasture
2759,Forest
1297,Forest
3229,PermanentCrop
2205,Pasture
3677,Forest
3406,PermanentCrop
2022,HerbaceousVegetation
2691,Forest
4218,Forest
3000,Forest
3710,Pasture
2553,Forest
1957,Forest
3956,Pasture
1651,Forest
3631,Pasture
1292,Forest
2304,Forest
2962,PermanentCrop
2498,Forest
3638,Pasture
536,PermanentCrop
935,Forest
3151,Pasture
419,Pasture
211,Forest
2158,Pasture
689,Forest
3368,Pasture
819,PermanentCrop
109,PermanentCrop
1278,Forest
1811,PermanentCrop
3135,Forest
1726,Pasture
3450,Pasture
230,Forest
844,Forest
2830,Forest
4078,PermanentCrop
2061,Forest
756,Forest
921,Forest
2257,Forest
2476,Forest
1596,Pasture
1551,Forest
482,Pasture
678,Forest
1145,Forest
166,Pasture
2017,Forest
2695,Pasture
90,Forest
1939,Forest
1125,Industrial
382,Forest
677,PermanentCrop
2474,Forest
1129,PermanentCrop
4175,Pasture
1948,PermanentCrop
1158,Forest
120,Forest
2161,Forest
4164,PermanentCrop
2175,Forest
1857,PermanentCrop
647,PermanentCrop
3877,Pasture
2047,Forest
4006,Forest
2737,Forest
2633,Pasture
1668,Pasture
1962,Highway
2731,Pasture
773,Forest
651,Forest
3876,Forest
189,Forest
1213,Highway
1142,PermanentCrop
3733,Forest
770,Forest
2134,Highway
2065,Forest
472,Forest
3115,Forest
2829,PermanentCrop
2732,Highway
3179,Pasture
2324,PermanentCrop
2619,Forest
54,Highway
2320,PermanentCrop
1649,PermanentCrop
1647,Pasture
3024,Forest
608,Forest
2349,Pasture
1112,Forest
3467,PermanentCrop
3560,Forest
659,Forest
693,Pasture
1369,Forest
3476,PermanentCrop
2285,PermanentCrop
1835,PermanentCrop
1802,PermanentCrop
1017,Forest
1320,Forest
411,PermanentCrop
762,Pasture
4090,Pasture
2985,Pasture
193,PermanentCrop
69,Forest
3600,Forest
2999,Forest
3791,Forest
3860,Forest
2443,PermanentCrop
3498,Forest
2826,PermanentCrop
2135,Pasture
1359,PermanentCrop
542,PermanentCrop
3835,Forest
2750,Pasture
2643,PermanentCrop
1410,Pasture
3364,PermanentCrop
1879,Forest
1250,PermanentCrop
4121,Forest
2071,PermanentCrop
510,PermanentCrop
3765,PermanentCrop
3780,Forest
4144,PermanentCrop
1806,Forest
297,Forest
2809,Forest
2106,PermanentCrop
1243,Forest
1594,Forest
2923,Forest
1453,Forest
986,Forest
866,Pasture
2338,PermanentCrop
2434,PermanentCrop
3525,Forest
2532,PermanentCrop
4166,Forest
2910,Forest
4085,Forest
1439,Highway
287,Forest
1774,Forest
738,PermanentCrop
821,PermanentCrop
386,Forest
3822,PermanentCrop
3662,Forest
3132,Forest
3306,Forest
588,Forest
3561,Highway
1160,PermanentCrop
1317,Forest
3843,PermanentCrop
2664,PermanentCrop
2213,Forest
972,Industrial
3880,Pasture
668,PermanentCrop
1930,Forest
915,PermanentCrop
355,PermanentCrop
3061,Forest
816,Forest
3894,Pasture
4037,PermanentCrop
924,Pasture
2987,Forest
2581,Forest
385,PermanentCrop
825,PermanentCrop
2503,Pasture
3935,Forest
3909,PermanentCrop
143,Forest
3971,Forest
968,HerbaceousVegetation
2073,Pasture
782,Forest
1116,PermanentCrop
3496,PermanentCrop
3701,PermanentCrop
1205,Forest
1494,PermanentCrop
2896,PermanentCrop
1575,Forest
1272,Forest
1405,Pasture
2873,PermanentCrop
1374,Forest
1185,Industrial
1424,PermanentCrop
2885,Forest
1570,Forest
1354,Pasture
3570,Forest
1462,Forest
3997,Forest
2569,Pasture
3424,Forest
7,Forest
3265,Pasture
2422,Pasture
1022,Pasture
3914,Forest
3208,Forest
3848,Industrial
1146,PermanentCrop
869,Forest
397,PermanentCrop
2594,PermanentCrop
2481,PermanentCrop
2112,Forest
1242,Forest
3594,Forest
1073,PermanentCrop
2426,Forest
3632,Pasture
3950,PermanentCrop
3786,Forest
480,PermanentCrop
2208,PermanentCrop
2264,Forest
3117,Forest
3120,Forest
3358,Forest
1742,PermanentCrop
1958,Pasture
2709,Forest
218,Forest
188,PermanentCrop
2975,Pasture
354,Forest
870,PermanentCrop
36,Forest
3487,Forest
1342,Forest
3879,Forest
3700,Forest
818,PermanentCrop
1351,Forest
699,PermanentCrop
164,Industrial
4072,PermanentCrop
3113,Pasture
444,PermanentCrop
2441,Forest
3531,Industrial
1818,AnnualCrop
1716,PermanentCrop
320,Forest
106,Forest
2947,Forest
538,PermanentCrop
1500,PermanentCrop
2199,Forest
1259,Forest
2886,Pasture
3945,Forest
3604,Forest
733,Forest
3582,Industrial
922,Forest
121,Forest
3211,Pasture
1081,PermanentCrop
2802,PermanentCrop
2854,Pasture
2373,Forest
177,Forest
492,PermanentCrop
238,Pasture
2246,Forest
1776,Forest
3708,PermanentCrop
1078,PermanentCrop
1332,Forest
2950,PermanentCrop
2191,Forest
3799,HerbaceousVegetation
2807,PermanentCrop
4167,PermanentCrop
766,Forest
3646,PermanentCrop
688,PermanentCrop
4219,Pasture
3014,Forest
4036,Forest
2639,Forest
2440,Forest
1674,Pasture
1444,PermanentCrop
3468,Forest
2295,Forest
2770,Forest
3837,Forest
1414,PermanentCrop
3853,Forest
333,Pasture
1377,Forest
1784,Pasture
1114,Forest
3533,PermanentCrop
2097,PermanentCrop
928,PermanentCrop
1179,Pasture
1121,PermanentCrop
572,Forest
632,Pasture
4196,Forest
565,Highway
2808,Pasture
3536,Forest
3712,PermanentCrop
1237,PermanentCrop
3481,PermanentCrop
3189,Forest
2900,PermanentCrop
1689,Pasture
1987,PermanentCrop
3844,Forest
705,Forest
1093,PermanentCrop
2182,Forest
32,Forest
65,Forest
3293,Forest
2142,Pasture
3287,PermanentCrop
3362,Forest
4092,Forest
33,PermanentCrop
1918,Pasture
1285,Forest
2016,Forest
2346,PermanentCrop
2714,Pasture
2020,Forest
1204,Forest
2573,Pasture
3772,PermanentCrop
2310,Forest
1514,PermanentCrop
2836,Forest
1249,Forest
1084,Pasture
727,PermanentCrop
2934,Forest
1300,Pasture
4115,PermanentCrop
1044,Forest
1333,Forest
1449,Forest
3246,Pasture
396,Forest
1083,Forest
3105,Forest
2366,Pasture
340,Pasture
1815,PermanentCrop
3749,PermanentCrop
3685,PermanentCrop
2123,PermanentCrop
455,Forest
944,Forest
350,PermanentCrop
2446,Pasture
1883,PermanentCrop
14,Forest
4096,PermanentCrop
3351,Forest
479,PermanentCrop
2541,Forest
3601,PermanentCrop
1448,PermanentCrop
2751,PermanentCrop
4224,Forest
2075,PermanentCrop
2354,Forest
334,Forest
710,Forest
3736,PermanentCrop
44,Forest
840,Forest
4176,PermanentCrop
925,PermanentCrop
357,Forest
1748,Pasture
3870,Forest
1907,Forest
1013,Forest
709,Forest
1683,PermanentCrop
319,Pasture
3868,Pasture
111,Forest
3071,Forest
787,Forest
134,Forest
3329,Forest
4100,PermanentCrop
941,Forest
3624,PermanentCrop
9,Forest
2911,Forest
3235,PermanentCrop
1276,PermanentCrop
3173,Forest
2168,Forest
3739,Forest
2815,Forest
1054,Forest
879,Pasture
2108,Forest
2012,Pasture
2586,PermanentCrop
1411,Forest
882,PermanentCrop
3541,Forest
1070,Forest
1919,PermanentCrop
4158,Pasture
1609,PermanentCrop
1561,PermanentCrop
1848,PermanentCrop
2701,PermanentCrop
3518,Forest
1101,Forest
1974,PermanentCrop
768,Forest
1431,Forest
417,Industrial
16,Forest
1471,Forest
37,PermanentCrop
1569,PermanentCrop
3862,Forest
2894,PermanentCrop
1775,Forest
3766,PermanentCrop
2388,Forest
123,Forest
1260,Forest
161,PermanentCrop
3425,Forest
3318,Forest
2933,Pasture
1196,Forest
990,Forest
2050,PermanentCrop
159,Forest
1915,Forest
3851,Forest
612,Highway
1843,Forest
1856,Forest
4015,PermanentCrop
1291,PermanentCrop
2584,Highway
153,Pasture
2843,Forest
1123,Pasture
2105,PermanentCrop
423,PermanentCrop
3253,Forest
2218,PermanentCrop
2793,Pasture
107,Forest
1468,Pasture
2604,Forest
2240,Forest
4007,Forest
1379,Pasture
4216,PermanentCrop
1685,HerbaceousVegetation
652,PermanentCrop
3573,Forest
2245,PermanentCrop
1132,Pasture
2728,Forest
3774,PermanentCrop
947,Forest
2289,PermanentCrop
3882,PermanentCrop
3757,Forest
4057,Forest
1197,Forest
1109,Forest
1607,Forest
3083,Forest
3343,Forest
2852,Forest
1209,Forest
288,PermanentCrop
2562,Industrial
3323,Forest
1845,PermanentCrop
252,Highway
2853,PermanentCrop
4099,Forest
1161,Pasture
3112,Forest
548,Pasture
3659,PermanentCrop
860,Forest
4079,PermanentCrop
1619,PermanentCrop
3449,Forest
3237,Forest
2334,PermanentCrop
3372,Forest
1692,Pasture
1914,Industrial
2603,Forest
2924,Forest
1490,PermanentCrop
1696,Forest
3984,Forest
852,Pasture
3015,PermanentCrop
3575,PermanentCrop
1615,Forest
3559,Pasture
3004,Industrial
2694,Pasture
3690,Forest
1518,PermanentCrop
2981,PermanentCrop
2402,Forest
2733,Forest
603,Pasture
1509,Pasture
1865,Forest
576,Industrial
4171,Pasture
2302,Forest
125,Forest
3813,PermanentCrop
505,PermanentCrop
2487,Forest
1682,Forest
1387,Forest
3532,Pasture
966,Forest
3795,Forest
2508,Forest
2988,Forest
2383,Forest
1664,Forest
1062,Forest
3160,PermanentCrop
2686,Industrial
1286,PermanentCrop
414,Forest
1231,PermanentCrop
2274,PermanentCrop
2418,Forest
3288,Forest
4195,Forest
1480,Forest
1233,Forest
1678,Pasture
2296,PermanentCrop
1456,Industrial
4203,PermanentCrop
3034,Forest
144,Pasture
3413,Forest
847,Pasture
1491,Forest
249,Forest
4011,Forest
582,PermanentCrop
449,Pasture
754,PermanentCrop
1445,PermanentCrop
4225,Forest
2151,Forest
657,Forest
3763,Forest
31,Pasture
4002,PermanentCrop
1882,PermanentCrop
3386,PermanentCrop
1266,Pasture
1198,Forest
4013,Forest
3110,Forest
3366,AnnualCrop
370,PermanentCrop
1208,Forest
2662,PermanentCrop
3740,PermanentCrop
650,Forest
3311,PermanentCrop
489,PermanentCrop
1498,PermanentCrop
758,Forest
521,PermanentCrop
1352,PermanentCrop
807,Forest
523,Forest
1989,Pasture
1750,Pasture
2844,Forest
2347,Forest
1341,Forest
2697,PermanentCrop
552,Pasture
3636,Forest
1130,Forest
1888,Forest
2393,Forest
1505,PermanentCrop
3785,Forest
774,Forest
2595,Forest
2877,PermanentCrop
1931,Forest
2505,Pasture
154,Forest
2449,Forest
4000,Forest
927,Forest
3553,Forest
3385,Forest
2723,PermanentCrop
3056,Forest
2671,PermanentCrop
1344,Pasture
2855,Pasture
781,Forest
3899,PermanentCrop
356,Forest
186,Forest
3127,Forest
987,PermanentCrop
1110,Forest
1030,PermanentCrop
2827,PermanentCrop
696,PermanentCrop
3959,PermanentCrop
3773,PermanentCrop
3617,Forest
1601,Forest
611,Pasture
2170,PermanentCrop
2202,PermanentCrop
1556,Forest
427,PermanentCrop
3209,Pasture
1812,Forest
2377,Forest
1951,Industrial
376,Forest
1457,Forest
1686,PermanentCrop
1476,PermanentCrop
1851,Forest
2120,PermanentCrop
904,Forest
1015,Forest
2580,PermanentCrop
1633,Forest
1823,Forest
2341,Highway
2189,Forest
534,Pasture
3855,PermanentCrop
1398,PermanentCrop
3723,Pasture
1600,Forest
2607,Forest
2641,Forest
430,Forest
1862,Forest
3335,Pasture
1358,PermanentCrop
1861,Forest
623,PermanentCrop
985,PermanentCrop
1221,Forest
3382,PermanentCrop
25,PermanentCrop
389,PermanentCrop
1546,Forest
3750,Industrial
2721,Forest
3172,PermanentCrop
3193,Forest
5,PermanentCrop
142,PermanentCrop
878,Forest
730,Forest
231,PermanentCrop
3492,Pasture
476,Forest
549,Forest
1478,Pasture
1481,Forest
118,Forest
3758,PermanentCrop
2637,Pasture
1884,Forest
2021,Forest
19,Forest
3502,Forest
622,Pasture
1368,PermanentCrop
3161,PermanentCrop
1052,PermanentCrop
2845,Forest
267,AnnualCrop
264,Forest
3027,Forest
1055,Pasture
509,Forest
1563,PermanentCrop
1391,Forest
551,Pasture
1565,PermanentCrop
2892,Forest
1636,PermanentCrop
3991,PermanentCrop
2771,Forest
2359,Forest
2063,PermanentCrop
2473,PermanentCrop
329,Pasture
83,PermanentCrop
2869,PermanentCrop
2955,PermanentCrop
833,Forest
761,PermanentCrop
1669,Pasture
426,PermanentCrop
3128,Pasture
1373,Pasture
1174,PermanentCrop
948,Forest
817,Highway
2054,Forest
2227,Forest
3756,Forest
3940,PermanentCrop
3910,Forest
3431,Forest
3417,PermanentCrop
2891,Forest
1277,Forest
2007,Pasture
2167,Forest
3336,Forest
67,Forest
49,Forest
2403,Forest
1382,Forest
842,Forest
469,Pasture
3810,Pasture
1365,Forest
1902,Forest
2356,PermanentCrop
3021,Pasture
2787,Pasture
1910,AnnualCrop
3108,Forest
1793,PermanentCrop
715,Forest
1572,Pasture
1087,Forest
3350,Pasture
1275,Forest
1959,PermanentCrop
788,Pasture
1066,Forest
1316,Forest
896,PermanentCrop
838,Forest
2819,PermanentCrop
3259,Forest
367,PermanentCrop
969,Forest
641,Pasture
141,Forest
3792,PermanentCrop
2689,Pasture
1677,Forest
260,PermanentCrop
3535,Forest
2084,PermanentCrop
4142,Pasture
383,PermanentCrop
232,Forest
1325,Industrial
4032,Forest
963,Pasture
1077,Forest
304,Forest
353,Forest
606,Forest
3134,Forest
4152,Forest
3963,Forest
3123,PermanentCrop
1539,Forest
4172,Forest
400,AnnualCrop
3401,Pasture
1844,PermanentCrop
3428,Forest
1557,Forest
1983,Forest
3849,Forest
263,Forest
1741,Forest
517,PermanentCrop
3324,Pasture
3421,Pasture
3610,Forest
981,Forest
749,Highway
2949,Forest
1094,Forest
2178,Forest
938,Forest
1315,PermanentCrop
3049,Pasture
2940,Forest
751,Pasture
3277,Forest
3630,Forest
526,PermanentCrop
1574,Pasture
2085,PermanentCrop
3169,Pasture
3084,Pasture
2282,PermanentCrop
2928,PermanentCrop
1611,PermanentCrop
3722,Forest
2668,Forest
1582,Forest
2115,Industrial
3614,Forest
2407,Forest
1181,Pasture
3009,Forest
902,Forest
4112,PermanentCrop
2215,Pasture
3669,Forest
1207,PermanentCrop
2716,Forest
3901,PermanentCrop
3239,Forest
3460,Forest
2186,PermanentCrop
1764,Forest
3267,Forest
3634,PermanentCrop
1151,PermanentCrop
1904,Pasture
2700,PermanentCrop
1195,PermanentCrop
3131,PermanentCrop
3721,PermanentCrop
209,Forest
2150,Forest
1945,Forest
1032,Forest
3902,Forest
2973,PermanentCrop
2040,PermanentCrop
4024,PermanentCrop
2784,PermanentCrop
446,PermanentCrop
2790,Pasture
276,Forest
1134,Forest
1427,Industrial
3330,Forest
2533,Forest
1510,PermanentCrop
1656,Forest
2222,Industrial
493,Forest
2263,Pasture
2494,Forest
3678,Forest
1618,Forest
175,Forest
3768,Forest
3360,Forest
3484,Pasture
2273,Forest
2468,Forest
3114,HerbaceousVegetation
4188,PermanentCrop
95,Forest
2782,PermanentCrop
3521,Forest
2805,Forest
463,Forest
655,PermanentCrop
2961,Forest
1138,Forest
3125,Forest
4125,Forest
920,Forest
2549,Forest
3245,Forest
1588,Forest
281,Forest
1459,Forest
2730,HerbaceousVegetation
3972,Forest
3979,Pasture
2024,Forest
38,Forest
3684,Forest
391,Forest
1005,Forest
954,Forest
3291,Pasture
735,PermanentCrop
2650,Forest
2416,Forest
2312,Forest
971,Forest
365,Pasture
4217,Industrial
1782,Pasture
3729,Forest
2943,Pasture
3904,PermanentCrop
2575,Forest
3878,Forest
3178,Forest
3455,Pasture
3166,Forest
891,Forest
3796,Forest
645,PermanentCrop
1624,Forest
2139,Forest
2406,PermanentCrop
3037,PermanentCrop
829,Forest
3050,Forest
3126,Pasture
1137,Forest
949,Forest
984,PermanentCrop
868,Forest
2669,Forest
1711,PermanentCrop
2399,Forest
415,Pasture
4127,Forest
895,Forest
516,Forest
577,Forest
3376,PermanentCrop
293,Pasture
4055,Forest
294,Forest
6,Forest
1381,PermanentCrop
3937,Industrial
3648,PermanentCrop
929,HerbaceousVegetation
3356,PermanentCrop
3885,PermanentCrop
98,PermanentCrop
2729,Forest
2252,Forest
702,Forest
3779,Forest
1050,Forest
2428,PermanentCrop
3148,Forest
2382,Forest
1409,Forest
1033,Forest
3133,PermanentCrop
2753,Pasture
648,Pasture
2372,Forest
2996,Forest
1969,Forest
3388,PermanentCrop
1828,Forest
3272,PermanentCrop
3802,AnnualCrop
299,PermanentCrop
2147,PermanentCrop
1992,Forest
1057,Forest
226,Forest
3466,Pasture
3217,Pasture
3709,PermanentCrop
775,PermanentCrop
3223,Pasture
2265,PermanentCrop
2804,Forest
3210,Forest
3144,Forest
4182,Forest
378,Forest
1911,Pasture
1269,PermanentCrop
744,PermanentCrop
3915,Pasture
1473,Forest
3158,Forest
2971,Forest
2610,Highway
3983,Forest
29,Industrial
2078,Forest
4071,Forest
1898,Forest
158,PermanentCrop
3637,Forest
2867,Forest
3598,Forest
3858,Forest
1122,Pasture
3188,Forest
2758,PermanentCrop
3477,Forest
3198,Forest
344,Forest
3042,Forest
1460,PermanentCrop
3591,PermanentCrop
2090,Forest
2082,Forest
3651,Forest
3986,PermanentCrop
3391,PermanentCrop
4065,Forest
1976,Forest
3378,Forest
2052,Forest
1956,Forest
2194,PermanentCrop
1383,Forest
3748,Forest
3381,Forest
2317,Pasture
1841,PermanentCrop
950,PermanentCrop
2055,Pasture
649,Forest
4058,Forest
973,Pasture
3053,Forest
1840,PermanentCrop
2906,PermanentCrop
3046,Pasture
2617,Forest
504,Forest
43,Forest
2509,Forest
2087,PermanentCrop
113,Forest
1660,PermanentCrop
2623,Industrial
1454,Forest
3975,PermanentCrop
1698,PermanentCrop
1060,PermanentCrop
937,Forest
3790,Forest
477,Pasture
1390,Forest
3486,PermanentCrop
491,Forest
1192,HerbaceousVegetation
1000,PermanentCrop
2769,Forest
540,Pasture
2457,Forest
2864,Forest
296,PermanentCrop
1523,Forest
4229,Forest
1311,Forest
3264,Pasture
2358,Forest
1625,Forest
2204,Forest
1252,Forest
907,Forest
3494,Forest
780,Pasture
1025,Forest
2649,PermanentCrop
613,PermanentCrop
4163,Forest
3109,Industrial
1201,PermanentCrop
1520,Forest
3491,PermanentCrop
3155,Forest
529,Forest
185,Forest
3595,Forest
885,Pasture
3472,PermanentCrop
599,PermanentCrop
1164,HerbaceousVegetation
3456,Forest
195,Forest
2821,Pasture
2672,Forest
2529,Forest
1659,PermanentCrop
841,Forest
2011,Forest
4157,Pasture
1171,PermanentCrop
4230,PermanentCrop
1970,PermanentCrop
371,Forest
554,Forest
1626,Forest
707,Pasture
808,PermanentCrop
2174,Forest
4190,Forest
1307,Forest
794,Industrial
1657,PermanentCrop
980,Industrial
2680,PermanentCrop
39,Forest
278,Forest
3384,Forest
898,Pasture
2002,PermanentCrop
1163,PermanentCrop
862,Pasture
3111,Forest
3321,PermanentCrop
2482,Forest
1873,PermanentCrop
1864,AnnualCrop
1239,Forest
3026,Forest
241,Forest
2086,PermanentCrop
1550,Forest
114,Forest
3951,Forest
3663,AnnualCrop
2980,Forest
3866,PermanentCrop
1986,Pasture
3222,Forest
1119,Forest
283,PermanentCrop
2185,Forest
2780,PermanentCrop
3462,PermanentCrop
424,Forest
1323,Forest
2088,Forest
2326,Forest
410,Industrial
1215,Forest
2064,Forest
2389,PermanentCrop
3228,Forest
714,Forest
2353,Pasture
2558,Forest
2551,Pasture
3334,Forest
1419,PermanentCrop
2502,Forest
3759,Forest
908,Forest
3735,PermanentCrop
2451,PermanentCrop
2092,PermanentCrop
2329,Forest
2775,Forest
3480,PermanentCrop
2206,PermanentCrop
1147,Forest
911,Industrial
251,Forest
3079,Forest
1446,PermanentCrop
1099,Forest
1244,Forest
1814,PermanentCrop
17,PermanentCrop
3205,PermanentCrop
2506,Pasture
1952,Forest
2251,Pasture
2311,Forest
2141,Forest
2181,PermanentCrop
3052,Pasture
1184,PermanentCrop
3085,PermanentCrop
1008,Pasture
1343,PermanentCrop
3359,PermanentCrop
473,Forest
2095,PermanentCrop
313,Forest
3827,Pasture
2172,Industrial
2330,Forest
2917,PermanentCrop
2568,Forest
3475,PermanentCrop
2754,Forest
3260,PermanentCrop
173,Forest
2309,PermanentCrop
2146,Forest
3191,Forest
609,Forest
2419,PermanentCrop
3603,Industrial
3978,Forest
434,Highway
3363,Forest
1356,Forest
4086,Industrial
2291,PermanentCrop
627,Forest
1586,PermanentCrop
3429,Forest
3290,Pasture
224,Forest
433,PermanentCrop
1761,Pasture
3897,Forest
2290,Forest
942,Forest
3029,Pasture
845,Forest
1604,Forest
2276,Forest
2752,Pasture
2421,PermanentCrop
2590,Highway
3990,PermanentCrop
507,PermanentCrop
3917,Forest
3415,PermanentCrop
1039,Pasture
1921,Forest
1870,PermanentCrop
822,Forest
3365,Forest
3270,PermanentCrop
1710,Forest
2306,PermanentCrop
3331,PermanentCrop
342,Forest
1584,Forest
4046,PermanentCrop
2966,Forest
2466,Forest
1899,Pasture
2897,PermanentCrop
2598,AnnualCrop
1426,Forest
1186,Pasture
2461,Forest
1265,Forest
887,Forest
1734,PermanentCrop
579,Forest
3224,PermanentCrop
2413,Pasture
273,PermanentCrop
1230,Forest
2791,Industrial
916,Forest
3348,Pasture
1214,Forest
3824,Forest
691,Forest
3463,Forest
250,Forest
3661,Pasture
2997,PermanentCrop
2267,Pasture
1513,Pasture
2570,Forest
46,Forest
802,Forest
3044,Forest
23,Forest
2079,Forest
2863,Forest
127,PermanentCrop
1768,PermanentCrop
3479,PermanentCrop
634,Forest
3622,Forest
3907,PermanentCrop
2192,Pasture
1703,Forest
3732,Forest
3718,Forest
930,Forest
988,PermanentCrop
1403,Industrial
487,Highway
1943,Forest
3098,Forest
1519,Forest
1402,Industrial
1295,PermanentCrop
3461,AnnualCrop
1128,Industrial
3389,PermanentCrop
270,Forest
2210,Forest
1579,Forest
3137,Forest
1074,Forest
1309,Pasture
1960,Forest
2647,Forest
3248,Industrial
0,Forest
962,Pasture
96,Forest
2058,Industrial
977,Forest
3946,PermanentCrop
1372,Pasture
2895,Forest
3528,Pasture
553,Pasture
2397,Forest
1538,Forest
1777,Forest
2994,Pasture
2258,PermanentCrop
3204,PermanentCrop
1042,PermanentCrop
2412,PermanentCrop
4212,Pasture
2763,Pasture
570,Forest
1545,Forest
2211,Forest
1792,Pasture
2380,Highway
3728,Pasture
126,Forest
3953,Forest
3380,PermanentCrop
3186,PermanentCrop
2484,Highway
513,PermanentCrop
4161,PermanentCrop
2696,PermanentCrop
851,Industrial
1082,Forest
619,Pasture
1936,PermanentCrop
3446,HerbaceousVegetation
1892,Forest
3497,Forest
2736,Forest
3423,PermanentCrop
52,Forest
1255,Forest
682,Forest
352,PermanentCrop
3121,Forest
3279,Forest
2010,Forest
1535,Forest
1928,Forest
2850,Forest
2535,Forest
803,PermanentCrop
1524,Forest
741,Industrial
494,Forest
1673,Pasture
254,Pasture
2318,Forest
2177,Forest
3538,Forest
3579,Forest
1577,Forest
2699,Forest
1804,Forest
2275,PermanentCrop
982,Pasture
3452,Forest
3530,Forest
62,PermanentCrop
3566,Forest
203,PermanentCrop
1963,PermanentCrop
3583,Forest
679,Forest
2284,Forest
998,Pasture
1305,Forest
2259,PermanentCrop
1925,Forest
4208,PermanentCrop
2707,Forest
1709,Forest
2927,Forest
2287,Forest
3578,Forest
3545,Forest
2470,PermanentCrop
1704,Forest
2107,Forest
2543,Forest
3357,Forest
4204,Pasture
1646,PermanentCrop
2681,Forest
876,PermanentCrop
859,Forest
2634,Forest
1455,Pasture
2438,Forest
3058,PermanentCrop
3314,Forest
694,Industrial
2247,PermanentCrop
1492,PermanentCrop
1362,Pasture
1720,Forest
2008,Pasture
2036,Forest
2319,PermanentCrop
2004,PermanentCrop
943,Pasture
2489,Forest
1210,PermanentCrop
2375,Forest
335,Forest
3787,PermanentCrop
2918,Forest
2914,Forest
2540,PermanentCrop
4141,Forest
875,Pasture
789,PermanentCrop
2786,Pasture
2145,Forest
1484,Pasture
1227,Pasture
4094,AnnualCrop
2307,Forest
1695,Pasture
86,Forest
4028,PermanentCrop
871,PermanentCrop
1874,PermanentCrop
2260,Forest
398,Forest
3412,Forest
2098,PermanentCrop
3683,Forest
853,Forest
1104,PermanentCrop
1610,Forest
2093,PermanentCrop
4010,Forest
467,Forest
4162,PermanentCrop
1346,PermanentCrop
2080,Pasture
243,PermanentCrop
2657,Forest
4110,Forest
1139,Forest
1141,Forest
1400,PermanentCrop
602,PermanentCrop
1495,Forest
3943,Industrial
1447,PermanentCrop
2250,Forest
506,Forest
4184,Forest
1791,Forest
2912,Forest
3654,Forest
1937,Forest
850,Pasture
1964,Forest
1450,PermanentCrop
1133,Forest
2655,Forest
2880,Forest
674,Forest
1092,Forest
1127,Forest
3782,Forest
2028,PermanentCrop
1728,Pasture
3082,Forest
2806,Forest
2228,PermanentCrop
4116,PermanentCrop
4033,PermanentCrop
328,Pasture
1442,Forest
2820,Pasture
1645,Forest
3863,PermanentCrop
1105,Forest
917,Forest
4005,Pasture
2738,Forest
1722,PermanentCrop
3619,Pasture
3308,PermanentCrop
3807,Forest
518,Forest
2743,Forest
2865,Pasture
3275,Forest
1743,Forest
3761,PermanentCrop
4097,Forest
4147,PermanentCrop
1392,Forest
3829,Forest
2293,Forest
589,PermanentCrop
1997,PermanentCrop
2224,Forest
2811,Forest
3850,PermanentCrop
3445,HerbaceousVegetation
4215,PermanentCrop
2462,PermanentCrop
2656,Highway
2615,Forest
3499,PermanentCrop
2277,Pasture
1241,Forest
3845,Highway
728,Forest
4040,Forest
503,Forest
3367,PermanentCrop
3008,Forest
3430,PermanentCrop
3242,PermanentCrop
452,Forest
684,PermanentCrop
3062,Pasture
2902,PermanentCrop
61,Pasture
2288,Pasture
298,Forest
2566,Forest
1267,Forest
637,Forest
2905,Forest
857,Forest
1544,Forest
996,Forest
2546,Pasture
2682,Forest
3379,Forest
1783,PermanentCrop
3605,Forest
2588,Pasture
2824,PermanentCrop
1371,PermanentCrop
3074,Pasture
2882,Forest
1766,Forest
687,PermanentCrop
3347,Forest
573,PermanentCrop
3309,Forest
3426,Pasture
3961,PermanentCrop
706,Forest
2143,Forest
3738,Forest
2239,Forest
2376,Pasture
2554,Forest
2241,Highway
327,Forest
3195,Forest
2748,Forest
511,Forest
806,Forest
3884,PermanentCrop
3698,PermanentCrop
951,Forest
150,Forest
2463,Forest
4136,PermanentCrop
1194,HerbaceousVegetation
174,Pasture
2005,Forest
3769,PermanentCrop
1667,Forest
3887,Forest
2538,PermanentCrop
