test_id,label
526,HerbaceousVegetation
3092,SeaLake
1077,SeaLake
1799,SeaLake
1225,SeaLake
4130,SeaLake
1397,Highway
3168,Forest
3943,Highway
2534,SeaLake
287,SeaLake
1919,HerbaceousVegetation
2432,HerbaceousVegetation
2379,SeaLake
1647,HerbaceousVegetation
521,HerbaceousVegetation
390,Forest
1649,HerbaceousVegetation
1548,Highway
2103,HerbaceousVegetation
3896,SeaLake
1382,SeaLake
336,SeaLake
320,SeaLake
3992,HerbaceousVegetation
138,HerbaceousVegetation
3474,SeaLake
3641,Pasture
1795,HerbaceousVegetation
4017,SeaLake
2174,SeaLake
481,SeaLake
455,SeaLake
1672,HerbaceousVegetation
84,SeaLake
2851,SeaLake
874,HerbaceousVegetation
2054,SeaLake
3601,HerbaceousVegetation
2981,HerbaceousVegetation
566,HerbaceousVegetation
3007,HerbaceousVegetation
3813,HerbaceousVegetation
1342,SeaLake
2610,Industrial
2826,Highway
1293,SeaLake
1940,HerbaceousVegetation
1224,SeaLake
3778,SeaLake
3941,SeaLake
820,HerbaceousVegetation
2871,HerbaceousVegetation
507,HerbaceousVegetation
1894,SeaLake
614,HerbaceousVegetation
323,SeaLake
4041,SeaLake
3867,HerbaceousVegetation
1732,Highway
1386,Industrial
3510,SeaLake
2643,HerbaceousVegetation
3755,HerbaceousVegetation
1446,HerbaceousVegetation
367,HerbaceousVegetation
3302,SeaLake
231,HerbaceousVegetation
4154,SeaLake
3483,SeaLake
2264,SeaLake
1676,SeaLake
2664,HerbaceousVegetation
112,SeaLake
3205,HerbaceousVegetation
2982,SeaLake
745,SeaLake
1955,Forest
1086,HerbaceousVegetation
2649,HerbaceousVegetation
1845,HerbaceousVegetation
4016,SeaLake
798,SeaLake
4035,HerbaceousVegetation
4056,HerbaceousVegetation
3094,HerbaceousVegetation
4181,SeaLake
2338,HerbaceousVegetation
1141,SeaLake
1733,SeaLake
4075,SeaLake
1896,SeaLake
3250,SeaLake
1651,SeaLake
1443,SeaLake
655,HerbaceousVegetation
1182,HerbaceousVegetation
1950,SeaLake
3598,SeaLake
2940,SeaLake
59,HerbaceousVegetation
2736,SeaLake
92,SeaLake
2301,SeaLake
475,SeaLake
1780,SeaLake
2799,SeaLake
2124,AnnualCrop
2075,HerbaceousVegetation
4049,SeaLake
3876,SeaLake
569,SeaLake
23,SeaLake
2752,HerbaceousVegetation
2836,SeaLake
834,HerbaceousVegetation
1966,HerbaceousVegetation
1979,Forest
3503,SeaLake
1278,Forest
4211,HerbaceousVegetation
3464,SeaLake
1208,SeaLake
1898,SeaLake
2875,HerbaceousVegetation
657,SeaLake
2171,SeaLake
2195,Forest
3162,SeaLake
740,HerbaceousVegetation
1652,SeaLake
473,SeaLake
2430,HerbaceousVegetation
342,SeaLake
638,SeaLake
396,SeaLake
1830,SeaLake
3059,HerbaceousVegetation
871,HerbaceousVegetation
2955,HerbaceousVegetation
634,SeaLake
2343,SeaLake
2912,SeaLake
980,Industrial
3947,SeaLake
2143,SeaLake
3811,HerbaceousVegetation
4100,HerbaceousVegetation
176,HerbaceousVegetation
1439,Industrial
230,SeaLake
1623,SeaLake
3859,HerbaceousVegetation
3839,SeaLake
611,HerbaceousVegetation
3776,HerbaceousVegetation
2231,SeaLake
3280,HerbaceousVegetation
60,SeaLake
3760,HerbaceousVegetation
3814,SeaLake
3247,Forest
2888,SeaLake
155,SeaLake
2091,SeaLake
2543,SeaLake
2765,HerbaceousVegetation
435,SeaLake
691,SeaLake
1605,SeaLake
2184,SeaLake
3512,SeaLake
1017,Forest
2902,HerbaceousVegetation
565,HerbaceousVegetation
3040,HerbaceousVegetation
3856,HerbaceousVegetation
3646,HerbaceousVegetation
219,SeaLake
3472,HerbaceousVegetation
4097,SeaLake
3034,SeaLake
2934,SeaLake
2957,HerbaceousVegetation
2342,HerbaceousVegetation
1323,SeaLake
3923,SeaLake
1253,SeaLake
942,SeaLake
1555,SeaLake
124,SeaLake
3076,SeaLake
1447,HerbaceousVegetation
311,HerbaceousVegetation
4048,AnnualCrop
2399,SeaLake
1927,HerbaceousVegetation
1314,SeaLake
3239,SeaLake
1079,HerbaceousVegetation
1593,SeaLake
53,SeaLake
115,SeaLake
2131,HerbaceousVegetation
955,SeaLake
3919,SeaLake
3636,SeaLake
1089,HerbaceousVegetation
2239,SeaLake
3457,HerbaceousVegetation
137,SeaLake
1239,SeaLake
545,SeaLake
3159,HerbaceousVegetation
142,HerbaceousVegetation
706,Forest
1625,SeaLake
3229,HerbaceousVegetation
643,HerbaceousVegetation
2336,Highway
3981,SeaLake
3649,HerbaceousVegetation
3717,HerbaceousVegetation
3617,SeaLake
393,SeaLake
3687,SeaLake
1279,SeaLake
1276,HerbaceousVegetation
1729,HerbaceousVegetation
1085,Forest
2023,SeaLake
954,SeaLake
3653,HerbaceousVegetation
1675,SeaLake
3997,SeaLake
2449,SeaLake
3907,Highway
2634,SeaLake
3102,HerbaceousVegetation
770,SeaLake
2475,HerbaceousVegetation
519,HerbaceousVegetation
629,SeaLake
866,HerbaceousVegetation
2814,SeaLake
2386,HerbaceousVegetation
2681,SeaLake
3659,HerbaceousVegetation
3383,HerbaceousVegetation
1059,HerbaceousVegetation
2668,SeaLake
676,HerbaceousVegetation
2262,HerbaceousVegetation
1913,SeaLake
2127,HerbaceousVegetation
3569,Forest
2507,SeaLake
2436,HerbaceousVegetation
3173,SeaLake
3324,Forest
2823,SeaLake
3521,SeaLake
3730,HerbaceousVegetation
4129,SeaLake
3697,SeaLake
2271,SeaLake
368,Highway
3719,SeaLake
4065,SeaLake
1518,SeaLake
217,AnnualCrop
762,HerbaceousVegetation
2044,SeaLake
1821,HerbaceousVegetation
2476,SeaLake
3370,HerbaceousVegetation
672,SeaLake
1450,HerbaceousVegetation
3064,HerbaceousVegetation
2254,SeaLake
3786,SeaLake
1654,HerbaceousVegetation
2112,SeaLake
2317,HerbaceousVegetation
4167,HerbaceousVegetation
696,HerbaceousVegetation
1478,Forest
1630,HerbaceousVegetation
243,Forest
3740,HerbaceousVegetation
3666,HerbaceousVegetation
2979,HerbaceousVegetation
2474,SeaLake
3481,HerbaceousVegetation
663,HerbaceousVegetation
3074,Forest
3415,HerbaceousVegetation
1714,SeaLake
329,HerbaceousVegetation
1198,SeaLake
1923,SeaLake
12,HerbaceousVegetation
2228,HerbaceousVegetation
839,SeaLake
683,SeaLake
1220,Industrial
1368,HerbaceousVegetation
3517,Forest
3793,SeaLake
27,HerbaceousVegetation
1454,SeaLake
1634,HerbaceousVegetation
3368,SeaLake
2021,SeaLake
1824,SeaLake
4150,Forest
3543,HerbaceousVegetation
3035,SeaLake
578,Forest
1783,Highway
1459,SeaLake
3402,SeaLake
1049,HerbaceousVegetation
2743,SeaLake
1428,SeaLake
1090,HerbaceousVegetation
1236,Forest
421,Forest
3042,SeaLake
308,Forest
2096,Forest
2532,HerbaceousVegetation
2611,HerbaceousVegetation
4072,HerbaceousVegetation
1641,SeaLake
2691,SeaLake
41,SeaLake
1527,SeaLake
1875,HerbaceousVegetation
2688,HerbaceousVegetation
2352,SeaLake
1883,HerbaceousVegetation
678,HerbaceousVegetation
3135,SeaLake
1500,HerbaceousVegetation
752,Forest
4126,HerbaceousVegetation
3570,SeaLake
3665,SeaLake
2441,SeaLake
3693,SeaLake
395,SeaLake
675,SeaLake
3830,Highway
799,SeaLake
1337,HerbaceousVegetation
1145,SeaLake
4148,Forest
239,HerbaceousVegetation
4087,HerbaceousVegetation
722,HerbaceousVegetation
2561,SeaLake
3339,SeaLake
2802,HerbaceousVegetation
1594,SeaLake
185,SeaLake
2555,Highway
1726,HerbaceousVegetation
2832,Forest
3872,HerbaceousVegetation
3298,SeaLake
2019,Forest
278,SeaLake
3999,SeaLake
4177,HerbaceousVegetation
1195,HerbaceousVegetation
3706,HerbaceousVegetation
2153,SeaLake
1139,SeaLake
3133,HerbaceousVegetation
2806,SeaLake
4116,HerbaceousVegetation
449,HerbaceousVegetation
3361,HerbaceousVegetation
2159,SeaLake
3837,SeaLake
1153,SeaLake
731,HerbaceousVegetation
2335,SeaLake
3253,SeaLake
3554,HerbaceousVegetation
441,SeaLake
2540,HerbaceousVegetation
391,SeaLake
2008,SeaLake
1599,HerbaceousVegetation
2638,SeaLake
1779,Highway
4014,SeaLake
1739,HerbaceousVegetation
480,HerbaceousVegetation
1635,SeaLake
3835,SeaLake
373,HerbaceousVegetation
841,Forest
2446,HerbaceousVegetation
1332,SeaLake
1861,SeaLake
3442,HerbaceousVegetation
1531,HerbaceousVegetation
786,SeaLake
3048,HerbaceousVegetation
1070,Forest
3502,SeaLake
1664,SeaLake
993,HerbaceousVegetation
911,Industrial
1876,SeaLake
1817,HerbaceousVegetation
3805,SeaLake
677,Highway
2223,Forest
602,HerbaceousVegetation
2088,SeaLake
3397,SeaLake
3075,SeaLake
846,SeaLake
2001,HerbaceousVegetation
3234,HerbaceousVegetation
2581,SeaLake
4142,SeaLake
1988,SeaLake
1632,Forest
2429,SeaLake
959,Forest
649,SeaLake
4105,SeaLake
2235,SeaLake
1120,SeaLake
2999,SeaLake
3450,HerbaceousVegetation
3561,Industrial
3121,SeaLake
1835,HerbaceousVegetation
581,SeaLake
3046,SeaLake
4220,HerbaceousVegetation
2631,SeaLake
2095,HerbaceousVegetation
3499,SeaLake
896,SeaLake
2569,Forest
728,SeaLake
3403,HerbaceousVegetation
4089,SeaLake
1495,SeaLake
858,Highway
864,SeaLake
3672,Forest
1165,Forest
1202,SeaLake
2734,SeaLake
3036,HerbaceousVegetation
1991,HerbaceousVegetation
2670,Highway
2723,Forest
934,SeaLake
189,SeaLake
2835,HerbaceousVegetation
333,HerbaceousVegetation
973,HerbaceousVegetation
3581,SeaLake
1758,SeaLake
4117,Forest
1670,SeaLake
3754,SeaLake
1227,SeaLake
1226,HerbaceousVegetation
3388,HerbaceousVegetation
2169,HerbaceousVegetation
2762,SeaLake
1685,SeaLake
322,SeaLake
3927,SeaLake
3673,AnnualCrop
579,SeaLake
263,SeaLake
1520,SeaLake
3605,Forest
1827,HerbaceousVegetation
2746,SeaLake
515,Forest
1048,SeaLake
2027,SeaLake
1013,SeaLake
85,SeaLake
1765,Industrial
547,Forest
559,Forest
1299,SeaLake
2566,SeaLake
3377,SeaLake
3332,SeaLake
1441,HerbaceousVegetation
828,SeaLake
469,HerbaceousVegetation
174,HerbaceousVegetation
2097,HerbaceousVegetation
3504,SeaLake
2595,SeaLake
2240,SeaLake
1929,SeaLake
3020,HerbaceousVegetation
2325,SeaLake
2967,SeaLake
724,SeaLake
2645,SeaLake
601,Forest
3527,SeaLake
298,SeaLake
405,SeaLake
1422,HerbaceousVegetation
249,Forest
3246,HerbaceousVegetation
3404,Forest
356,SeaLake
1483,SeaLake
3291,SeaLake
3995,SeaLake
3023,SeaLake
1193,SeaLake
161,HerbaceousVegetation
2716,SeaLake
1706,SeaLake
5,HerbaceousVegetation
1354,SeaLake
1707,HerbaceousVegetation
1822,SeaLake
3385,SeaLake
248,SeaLake
2487,SeaLake
2156,HerbaceousVegetation
1341,SeaLake
1178,HerbaceousVegetation
739,HerbaceousVegetation
3913,HerbaceousVegetation
583,SeaLake
2470,HerbaceousVegetation
3589,SeaLake
3879,HerbaceousVegetation
4060,SeaLake
2101,SeaLake
1656,SeaLake
3321,HerbaceousVegetation
2989,Industrial
40,SeaLake
330,SeaLake
1698,HerbaceousVegetation
1300,HerbaceousVegetation
3119,HerbaceousVegetation
3009,HerbaceousVegetation
2749,Forest
2680,SeaLake
3103,SeaLake
4151,HerbaceousVegetation
3556,SeaLake
1131,SeaLake
3338,SeaLake
1693,SeaLake
986,SeaLake
2497,Industrial
198,HerbaceousVegetation
2706,Forest
3756,SeaLake
2168,SeaLake
102,SeaLake
200,Forest
1764,Forest
608,SeaLake
2861,Forest
2058,Highway
414,SeaLake
2371,SeaLake
1168,HerbaceousVegetation
1784,SeaLake
3407,HerbaceousVegetation
636,SeaLake
1583,HerbaceousVegetation
344,SeaLake
3466,HerbaceousVegetation
2030,Forest
658,SeaLake
392,Forest
1404,HerbaceousVegetation
1553,SeaLake
2094,HerbaceousVegetation
87,HerbaceousVegetation
3142,SeaLake
3406,HerbaceousVegetation
3336,SeaLake
595,HerbaceousVegetation
3508,HerbaceousVegetation
413,Forest
3917,SeaLake
3086,AnnualCrop
2375,SeaLake
546,SeaLake
727,HerbaceousVegetation
3704,SeaLake
3340,HerbaceousVegetation
1006,SeaLake
1554,SeaLake
352,HerbaceousVegetation
286,HerbaceousVegetation
123,SeaLake
1566,SeaLake
1181,SeaLake
3783,HerbaceousVegetation
3609,SeaLake
3485,HerbaceousVegetation
3870,SeaLake
805,HerbaceousVegetation
470,Forest
3595,SeaLake
1804,SeaLake
868,SeaLake
950,HerbaceousVegetation
3373,SeaLake
4173,HerbaceousVegetation
1108,SeaLake
1858,HerbaceousVegetation
2085,HerbaceousVegetation
1268,SeaLake
4084,HerbaceousVegetation
3308,AnnualCrop
1514,SeaLake
2450,SeaLake
3399,SeaLake
1391,SeaLake
3028,SeaLake
4114,SeaLake
2951,Forest
221,SeaLake
1517,SeaLake
2122,SeaLake
2808,Forest
2632,SeaLake
1853,HerbaceousVegetation
3155,SeaLake
3828,SeaLake
422,Industrial
4131,SeaLake
3810,Forest
3131,HerbaceousVegetation
3571,AnnualCrop
4086,Industrial
2125,HerbaceousVegetation
477,Forest
232,SeaLake
1440,Forest
1725,SeaLake
404,SeaLake
851,HerbaceousVegetation
3845,SeaLake
3344,SeaLake
121,SeaLake
371,SeaLake
688,HerbaceousVegetation
812,HerbaceousVegetation
4008,Highway
3709,HerbaceousVegetation
2801,SeaLake
1643,SeaLake
3216,SeaLake
2028,HerbaceousVegetation
1582,SeaLake
3549,HerbaceousVegetation
2357,SeaLake
1864,Highway
2500,HerbaceousVegetation
152,SeaLake
763,SeaLake
2471,SeaLake
3251,HerbaceousVegetation
3823,HerbaceousVegetation
3800,SeaLake
598,SeaLake
1326,HerbaceousVegetation
3620,SeaLake
2053,Industrial
15,SeaLake
280,SeaLake
2348,SeaLake
1724,Forest
884,SeaLake
2715,HerbaceousVegetation
1254,HerbaceousVegetation
3179,SeaLake
3716,SeaLake
2890,Forest
3748,SeaLake
1407,HerbaceousVegetation
3394,HerbaceousVegetation
4135,SeaLake
1304,SeaLake
3892,HerbaceousVegetation
1740,HerbaceousVegetation
1275,SeaLake
2904,HerbaceousVegetation
3068,SeaLake
3866,HerbaceousVegetation
617,SeaLake
861,Forest
3000,SeaLake
2747,Highway
1627,SeaLake
2576,Forest
1436,SeaLake
3268,HerbaceousVegetation
3210,SeaLake
471,SeaLake
4085,SeaLake
2665,SeaLake
2712,SeaLake
3743,HerbaceousVegetation
409,SeaLake
2036,SeaLake
4077,SeaLake
3911,HerbaceousVegetation
784,HerbaceousVegetation
1591,HerbaceousVegetation
1975,HerbaceousVegetation
1137,SeaLake
513,HerbaceousVegetation
3500,HerbaceousVegetation
646,HerbaceousVegetation
3082,SeaLake
498,SeaLake
1744,SeaLake
4159,HerbaceousVegetation
4125,SeaLake
1008,HerbaceousVegetation
3587,SeaLake
4132,Forest
2553,SeaLake
538,HerbaceousVegetation
438,SeaLake
487,Industrial
785,SeaLake
3217,Forest
3840,SeaLake
1176,SeaLake
2265,HerbaceousVegetation
1880,SeaLake
2300,SeaLake
3446,Forest
3313,HerbaceousVegetation
213,SeaLake
11,SeaLake
1872,SeaLake
1379,HerbaceousVegetation
1128,HerbaceousVegetation
1614,HerbaceousVegetation
2514,Forest
2238,SeaLake
3505,SeaLake
3632,HerbaceousVegetation
1581,Forest
2092,HerbaceousVegetation
1519,SeaLake
1146,Highway
1383,SeaLake
2942,SeaLake
2201,HerbaceousVegetation
719,SeaLake
2843,SeaLake
312,SeaLake
165,HerbaceousVegetation
1162,HerbaceousVegetation
800,SeaLake
3333,Forest
2062,River
726,SeaLake
3694,HerbaceousVegetation
3688,HerbaceousVegetation
4009,SeaLake
2550,SeaLake
2202,HerbaceousVegetation
1039,HerbaceousVegetation
34,HerbaceousVegetation
1185,Industrial
2035,HerbaceousVegetation
656,Highway
401,SeaLake
586,HerbaceousVegetation
3611,SeaLake
3039,HerbaceousVegetation
3962,SeaLake
2290,SeaLake
252,Highway
3118,HerbaceousVegetation
4059,SeaLake
3292,SeaLake
341,SeaLake
3738,SeaLake
1782,HerbaceousVegetation
2748,SeaLake
1762,HerbaceousVegetation
3053,SeaLake
4036,Forest
1691,SeaLake
2591,HerbaceousVegetation
2579,AnnualCrop
3774,HerbaceousVegetation
1310,SeaLake
3852,SeaLake
3147,HerbaceousVegetation
2216,SeaLake
1932,SeaLake
3575,SeaLake
3715,SeaLake
679,Forest
1457,SeaLake
2347,SeaLake
3421,SeaLake
3584,Highway
1511,HerbaceousVegetation
3749,HerbaceousVegetation
1533,SeaLake
3219,SeaLake
1745,SeaLake
2469,HerbaceousVegetation
2906,HerbaceousVegetation
3966,Forest
2930,SeaLake
4000,SeaLake
3306,SeaLake
2369,SeaLake
1413,SeaLake
977,SeaLake
516,SeaLake
1041,SeaLake
1209,SeaLake
1348,HerbaceousVegetation
45,HerbaceousVegetation
3422,HerbaceousVegetation
708,SeaLake
1487,SeaLake
1972,HerbaceousVegetation
3678,SeaLake
4030,SeaLake
305,SeaLake
698,HerbaceousVegetation
1890,Forest
2465,Highway
1659,Forest
1010,SeaLake
406,SeaLake
3739,SeaLake
1574,SeaLake
2146,Forest
2491,Forest
626,HerbaceousVegetation
2046,SeaLake
4093,SeaLake
3935,SeaLake
1074,SeaLake
2911,SeaLake
1345,SeaLake
71,SeaLake
1592,SeaLake
2293,SeaLake
3228,SeaLake
1289,HerbaceousVegetation
1489,SeaLake
3779,SeaLake
10,SeaLake
2109,SeaLake
4020,SeaLake
2782,HerbaceousVegetation
921,SeaLake
3381,SeaLake
20,SeaLake
3109,Industrial
1455,HerbaceousVegetation
703,HerbaceousVegetation
1867,SeaLake
3436,SeaLake
1644,SeaLake
2415,HerbaceousVegetation
2116,SeaLake
2468,SeaLake
3192,SeaLake
1127,Forest
1595,HerbaceousVegetation
316,Highway
2717,SeaLake
2420,HerbaceousVegetation
2104,SeaLake
711,HerbaceousVegetation
2278,Forest
154,Forest
3826,SeaLake
4190,HerbaceousVegetation
1387,SeaLake
3916,SeaLake
2417,Highway
1660,HerbaceousVegetation
3477,Forest
1870,HerbaceousVegetation
18,HerbaceousVegetation
3449,SeaLake
1497,SeaLake
3283,HerbaceousVegetation
2619,SeaLake
2331,SeaLake
1736,HerbaceousVegetation
3623,Pasture
1002,Forest
1912,HerbaceousVegetation
3108,SeaLake
4090,Forest
2698,HerbaceousVegetation
468,SeaLake
713,SeaLake
293,Highway
2438,Forest
528,SeaLake
192,HerbaceousVegetation
2285,HerbaceousVegetation
2628,SeaLake
91,HerbaceousVegetation
1465,SeaLake
1587,HerbaceousVegetation
1123,SeaLake
3922,Forest
3262,SeaLake
809,HerbaceousVegetation
778,Forest
2221,SeaLake
1169,HerbaceousVegetation
2215,HerbaceousVegetation
1942,HerbaceousVegetation
2084,HerbaceousVegetation
2319,HerbaceousVegetation
3163,SeaLake
1612,Industrial
3887,SeaLake
1586,HerbaceousVegetation
3574,SeaLake
3807,SeaLake
2337,HerbaceousVegetation
574,SeaLake
4110,SeaLake
3572,SeaLake
101,HerbaceousVegetation
3695,HerbaceousVegetation
1620,Forest
984,HerbaceousVegetation
30,Forest
2198,HerbaceousVegetation
361,HerbaceousVegetation
2654,SeaLake
3002,SeaLake
3413,SeaLake
1377,SeaLake
2241,HerbaceousVegetation
571,SeaLake
1712,SeaLake
3470,Forest
3735,HerbaceousVegetation
2142,HerbaceousVegetation
1596,HerbaceousVegetation
2866,HerbaceousVegetation
1819,Highway
3766,HerbaceousVegetation
1619,HerbaceousVegetation
2176,SeaLake
3633,HerbaceousVegetation
488,SeaLake
2567,SeaLake
3777,HerbaceousVegetation
3967,SeaLake
3874,SeaLake
3969,SeaLake
3713,Forest
974,HerbaceousVegetation
2057,SeaLake
3782,SeaLake
2825,HerbaceousVegetation
2797,Forest
1437,SeaLake
875,HerbaceousVegetation
1331,SeaLake
2351,Industrial
2227,SeaLake
3185,SeaLake
1904,HerbaceousVegetation
3031,SeaLake
2947,Forest
816,SeaLake
1130,SeaLake
4007,SeaLake
747,Forest
3660,HerbaceousVegetation
3621,Forest
3376,AnnualCrop
467,Forest
1622,HerbaceousVegetation
1207,HerbaceousVegetation
357,SeaLake
364,SeaLake
1024,SeaLake
667,SeaLake
2102,SeaLake
631,SeaLake
2693,SeaLake
1035,SeaLake
2962,HerbaceousVegetation
2527,SeaLake
114,Forest
2064,SeaLake
2854,HerbaceousVegetation
2141,SeaLake
3686,HerbaceousVegetation
2768,SeaLake
2868,SeaLake
1768,HerbaceousVegetation
282,SeaLake
3052,HerbaceousVegetation
922,HerbaceousVegetation
2525,SeaLake
3296,HerbaceousVegetation
1470,SeaLake
3243,SeaLake
2864,SeaLake
4204,SeaLake
3734,SeaLake
1109,SeaLake
1230,SeaLake
2256,HerbaceousVegetation
1522,HerbaceousVegetation
1267,Forest
52,SeaLake
2589,SeaLake
2435,SeaLake
964,SeaLake
840,SeaLake
3145,SeaLake
211,SeaLake
2193,AnnualCrop
2563,SeaLake
3148,SeaLake
632,HerbaceousVegetation
2433,SeaLake
2684,SeaLake
621,SeaLake
360,SeaLake
1324,SeaLake
2880,SeaLake
2936,HerbaceousVegetation
3700,Highway
1093,SeaLake
425,SeaLake
233,River
2700,HerbaceousVegetation
3983,SeaLake
4018,HerbaceousVegetation
1705,SeaLake
1793,HerbaceousVegetation
1833,SeaLake
3141,SeaLake
2741,SeaLake
3374,HerbaceousVegetation
2423,SeaLake
1877,SeaLake
3189,SeaLake
14,SeaLake
4102,Forest
1808,HerbaceousVegetation
175,SeaLake
3658,HerbaceousVegetation
3242,HerbaceousVegetation
1776,SeaLake
456,SeaLake
1092,SeaLake
527,SeaLake
1062,SeaLake
340,HerbaceousVegetation
1680,SeaLake
3982,SeaLake
2039,SeaLake
2738,Forest
2309,HerbaceousVegetation
2394,HerbaceousVegetation
2289,HerbaceousVegetation
1731,HerbaceousVegetation
363,Industrial
204,SeaLake
925,HerbaceousVegetation
2956,SeaLake
3072,Forest
3372,SeaLake
3452,SeaLake
3010,Forest
1633,SeaLake
3796,SeaLake
3921,SeaLake
892,SeaLake
796,Forest
160,HerbaceousVegetation
3304,SeaLake
1152,HerbaceousVegetation
700,HerbaceousVegetation
1081,HerbaceousVegetation
3603,AnnualCrop
1639,HerbaceousVegetation
1356,SeaLake
996,SeaLake
3343,SeaLake
1205,SeaLake
3153,HerbaceousVegetation
182,SeaLake
4192,HerbaceousVegetation
1957,Forest
3545,SeaLake
511,SeaLake
1834,HerbaceousVegetation
3424,SeaLake
783,SeaLake
2793,SeaLake
1173,SeaLake
3841,HerbaceousVegetation
1462,SeaLake
379,HerbaceousVegetation
3408,HerbaceousVegetation
994,SeaLake
1346,HerbaceousVegetation
1846,Highway
822,SeaLake
235,AnnualCrop
2087,HerbaceousVegetation
56,HerbaceousVegetation
1697,HerbaceousVegetation
2192,SeaLake
3799,Forest
2588,SeaLake
794,HerbaceousVegetation
2392,HerbaceousVegetation
2856,SeaLake
3684,SeaLake
3491,HerbaceousVegetation
3320,HerbaceousVegetation
1194,SeaLake
1681,HerbaceousVegetation
3294,HerbaceousVegetation
1860,HerbaceousVegetation
3099,SeaLake
1460,HerbaceousVegetation
4092,SeaLake
1502,HerbaceousVegetation
3290,Forest
1490,HerbaceousVegetation
497,SeaLake
3744,Industrial
2764,Forest
166,HerbaceousVegetation
3428,SeaLake
4083,SeaLake
3761,HerbaceousVegetation
277,SeaLake
270,SeaLake
2809,SeaLake
1339,Forest
1868,HerbaceousVegetation
1952,SeaLake
245,Industrial
3396,SeaLake
1046,SeaLake
3218,SeaLake
1189,SeaLake
4067,SeaLake
2983,HerbaceousVegetation
2766,HerbaceousVegetation
3130,SeaLake
1418,SeaLake
4032,SeaLake
2106,HerbaceousVegetation
1857,HerbaceousVegetation
2397,SeaLake
668,HerbaceousVegetation
2245,SeaLake
494,Forest
641,Forest
550,HerbaceousVegetation
1850,HerbaceousVegetation
3746,Highway
3358,SeaLake
1893,SeaLake
1431,Forest
4063,SeaLake
3674,SeaLake
1820,SeaLake
802,Forest
1974,HerbaceousVegetation
1295,HerbaceousVegetation
1243,SeaLake
1021,HerbaceousVegetation
2311,SeaLake
3580,Forest
551,SeaLake
1155,HerbaceousVegetation
953,HerbaceousVegetation
1961,HerbaceousVegetation
3363,SeaLake
1371,HerbaceousVegetation
1311,SeaLake
1312,SeaLake
720,HerbaceousVegetation
554,SeaLake
2515,HerbaceousVegetation
1032,SeaLake
3720,HerbaceousVegetation
3366,SeaLake
1528,HerbaceousVegetation
3585,SeaLake
227,SeaLake
1249,SeaLake
299,HerbaceousVegetation
2914,SeaLake
1976,SeaLake
439,SeaLake
2968,SeaLake
1309,HerbaceousVegetation
3576,HerbaceousVegetation
306,SeaLake
3197,SeaLake
4103,SeaLake
873,Highway
3848,Highway
2132,SeaLake
3925,HerbaceousVegetation
448,Forest
3146,SeaLake
976,SeaLake
1210,HerbaceousVegetation
3514,HerbaceousVegetation
2076,HerbaceousVegetation
3065,SeaLake
3132,HerbaceousVegetation
1392,SeaLake
4071,SeaLake
9,HerbaceousVegetation
228,SeaLake
1836,SeaLake
2657,Forest
1498,HerbaceousVegetation
2407,SeaLake
3493,SeaLake
1759,SeaLake
205,SeaLake
2503,SeaLake
2237,HerbaceousVegetation
324,Forest
7,SeaLake
3630,SeaLake
2565,Forest
2434,HerbaceousVegetation
1493,HerbaceousVegetation
2219,SeaLake
31,HerbaceousVegetation
1573,SeaLake
3831,SeaLake
3011,SeaLake
956,SeaLake
2675,HerbaceousVegetation
1526,Forest
3382,Forest
4140,HerbaceousVegetation
430,SeaLake
2551,HerbaceousVegetation
1134,SeaLake
1403,HerbaceousVegetation
1466,HerbaceousVegetation
1251,HerbaceousVegetation
580,HerbaceousVegetation
3349,SeaLake
3886,HerbaceousVegetation
2655,SeaLake
3533,HerbaceousVegetation
1889,SeaLake
303,Forest
2157,SeaLake
222,Highway
247,HerbaceousVegetation
3190,SeaLake
2522,HerbaceousVegetation
2905,SeaLake
3232,HerbaceousVegetation
241,Forest
1218,HerbaceousVegetation
3150,SeaLake
1906,SeaLake
2401,SeaLake
3225,SeaLake
1003,HerbaceousVegetation
1305,SeaLake
3903,HerbaceousVegetation
4069,SeaLake
3619,SeaLake
57,SeaLake
255,Forest
3104,SeaLake
1920,HerbaceousVegetation
710,SeaLake
889,SeaLake
3032,Forest
2047,SeaLake
366,HerbaceousVegetation
1442,Forest
1585,HerbaceousVegetation
684,HerbaceousVegetation
1026,SeaLake
730,SeaLake
2953,HerbaceousVegetation
2136,Forest
787,SeaLake
3568,SeaLake
564,HerbaceousVegetation
180,Highway
3060,HerbaceousVegetation
2272,SeaLake
1958,SeaLake
1027,SeaLake
4029,HerbaceousVegetation
2492,SeaLake
2382,SeaLake
2829,HerbaceousVegetation
2992,Forest
2840,Forest
1072,Highway
3948,SeaLake
1790,HerbaceousVegetation
2258,HerbaceousVegetation
2358,SeaLake
3012,SeaLake
2683,SeaLake
3356,HerbaceousVegetation
2552,SeaLake
1343,HerbaceousVegetation
4147,HerbaceousVegetation
3352,HerbaceousVegetation
353,SeaLake
2252,SeaLake
2917,HerbaceousVegetation
685,SeaLake
3149,SeaLake
2976,SeaLake
4152,SeaLake
132,SeaLake
693,Forest
2452,SeaLake
1430,SeaLake
536,HerbaceousVegetation
1515,Forest
2440,SeaLake
2938,HerbaceousVegetation
1618,SeaLake
3101,SeaLake
1944,HerbaceousVegetation
2933,HerbaceousVegetation
386,Forest
3711,HerbaceousVegetation
3322,SeaLake
2894,Forest
387,HerbaceousVegetation
1191,SeaLake
3207,SeaLake
2927,SeaLake
2190,Forest
2189,SeaLake
2893,SeaLake
369,SeaLake
2480,SeaLake
1409,SeaLake
1536,SeaLake
199,HerbaceousVegetation
3884,HerbaceousVegetation
133,SeaLake
179,SeaLake
1787,SeaLake
3757,SeaLake
4053,SeaLake
1640,SeaLake
1629,SeaLake
1722,HerbaceousVegetation
3850,HerbaceousVegetation
334,SeaLake
4108,HerbaceousVegetation
3264,Highway
195,SeaLake
1477,HerbaceousVegetation
4209,SeaLake
2928,HerbaceousVegetation
2303,HerbaceousVegetation
3990,HerbaceousVegetation
485,HerbaceousVegetation
3454,SeaLake
1401,HerbaceousVegetation
3610,SeaLake
4061,SeaLake
13,HerbaceousVegetation
3762,HerbaceousVegetation
2422,Forest
2065,SeaLake
791,SeaLake
1435,HerbaceousVegetation
3337,SeaLake
584,SeaLake
1674,HerbaceousVegetation
2847,HerbaceousVegetation
1434,HerbaceousVegetation
3979,SeaLake
4194,HerbaceousVegetation
2354,SeaLake
3431,Forest
4230,HerbaceousVegetation
1370,HerbaceousVegetation
3434,HerbaceousVegetation
1922,SeaLake
899,SeaLake
1359,HerbaceousVegetation
436,SeaLake
529,Forest
1763,HerbaceousVegetation
2172,Industrial
1400,HerbaceousVegetation
457,HerbaceousVegetation
1335,HerbaceousVegetation
1355,HerbaceousVegetation
2580,HerbaceousVegetation
2160,SeaLake
552,HerbaceousVegetation
2483,SeaLake
2541,SeaLake
2282,HerbaceousVegetation
1969,SeaLake
1699,Forest
753,HerbaceousVegetation
1663,HerbaceousVegetation
1882,HerbaceousVegetation
2857,SeaLake
4207,SeaLake
1874,HerbaceousVegetation
491,HerbaceousVegetation
4050,SeaLake
1753,HerbaceousVegetation
2012,SeaLake
1022,SeaLake
1265,SeaLake
3038,Forest
2463,Forest
3596,SeaLake
158,HerbaceousVegetation
3463,SeaLake
1336,HerbaceousVegetation
2689,SeaLake
2391,SeaLake
3003,SeaLake
4225,SeaLake
3430,AnnualCrop
74,HerbaceousVegetation
2790,SeaLake
2402,SeaLake
1372,HerbaceousVegetation
2627,SeaLake
3540,HerbaceousVegetation
780,HerbaceousVegetation
609,SeaLake
268,HerbaceousVegetation
3707,HerbaceousVegetation
2636,SeaLake
1837,HerbaceousVegetation
3405,SeaLake
2891,SeaLake
3539,HerbaceousVegetation
194,SeaLake
1702,SeaLake
2530,SeaLake
1994,SeaLake
206,Forest
1075,Forest
3213,SeaLake
1866,HerbaceousVegetation
2652,SeaLake
715,SeaLake
3439,SeaLake
1903,SeaLake
2887,HerbaceousVegetation
2148,HerbaceousVegetation
1357,Forest
1617,HerbaceousVegetation
4076,HerbaceousVegetation
2973,HerbaceousVegetation
633,Forest
1692,HerbaceousVegetation
220,SeaLake
2360,SeaLake
359,SeaLake
1057,SeaLake
3629,SeaLake
1669,HerbaceousVegetation
4197,SeaLake
3994,SeaLake
1212,SeaLake
225,SeaLake
3882,HerbaceousVegetation
915,HerbaceousVegetation
2118,HerbaceousVegetation
3057,SeaLake
781,SeaLake
170,SeaLake
3592,SeaLake
3193,SeaLake
1631,SeaLake
2253,SeaLake
3928,SeaLake
1970,HerbaceousVegetation
36,SeaLake
3183,SeaLake
3411,Forest
765,Forest
3054,SeaLake
3773,HerbaceousVegetation
779,SeaLake
3559,HerbaceousVegetation
1609,HerbaceousVegetation
3993,SeaLake
1286,SeaLake
43,SeaLake
1980,Forest
2292,Forest
3310,SeaLake
383,HerbaceousVegetation
4136,HerbaceousVegetation
1453,SeaLake
399,HerbaceousVegetation
1222,SeaLake
2072,HerbaceousVegetation
1734,SeaLake
756,SeaLake
983,SeaLake
1133,SeaLake
2946,SeaLake
2031,HerbaceousVegetation
499,SeaLake
3050,SeaLake
2959,SeaLake
1985,SeaLake
3788,SeaLake
1140,HerbaceousVegetation
2621,HerbaceousVegetation
3961,HerbaceousVegetation
2502,SeaLake
1742,SeaLake
829,SeaLake
375,HerbaceousVegetation
1463,Highway
3624,HerbaceousVegetation
2145,SeaLake
3832,SeaLake
1037,Forest
4229,SeaLake
2812,SeaLake
1897,HerbaceousVegetation
2163,HerbaceousVegetation
2974,SeaLake
870,River
3520,SeaLake
4001,HerbaceousVegetation
2481,SeaLake
3815,HerbaceousVegetation
2633,HerbaceousVegetation
3083,SeaLake
1270,SeaLake
346,SeaLake
1091,HerbaceousVegetation
126,SeaLake
3980,SeaLake
3978,Forest
2427,SeaLake
1084,HerbaceousVegetation
3914,SeaLake
1777,SeaLake
3244,SeaLake
2082,SeaLake
4099,SeaLake
2328,HerbaceousVegetation
215,SeaLake
881,SeaLake
2230,SeaLake
3643,SeaLake
1601,SeaLake
1993,HerbaceousVegetation
1029,HerbaceousVegetation
2294,HerbaceousVegetation
483,SeaLake
1925,SeaLake
4095,SeaLake
541,SeaLake
3443,HerbaceousVegetation
1992,SeaLake
1030,HerbaceousVegetation
3652,Forest
3775,HerbaceousVegetation
2805,SeaLake
1488,HerbaceousVegetation
2908,SeaLake
990,SeaLake
907,SeaLake
2695,HerbaceousVegetation
3599,SeaLake
1741,SeaLake
3878,SeaLake
3780,SeaLake
46,SeaLake
793,HerbaceousVegetation
2418,SeaLake
1688,HerbaceousVegetation
2574,HerbaceousVegetation
1045,HerbaceousVegetation
2789,SeaLake
1800,HerbaceousVegetation
1467,SeaLake
2858,SeaLake
2690,HerbaceousVegetation
2288,HerbaceousVegetation
2323,HerbaceousVegetation
2548,SeaLake
1125,Industrial
867,SeaLake
1378,SeaLake
2780,HerbaceousVegetation
3582,HerbaceousVegetation
2997,Forest
3817,SeaLake
1538,SeaLake
3286,SeaLake
168,SeaLake
1061,SeaLake
3648,HerbaceousVegetation
748,Industrial
1851,SeaLake
2642,SeaLake
3790,SeaLake
833,SeaLake
3881,SeaLake
1234,HerbaceousVegetation
3829,SeaLake
1412,HerbaceousVegetation
1476,Highway
2586,HerbaceousVegetation
3412,Forest
1452,Highway
2461,SeaLake
4113,SeaLake
3395,SeaLake
63,HerbaceousVegetation
171,SeaLake
1004,SeaLake
837,HerbaceousVegetation
1385,HerbaceousVegetation
4122,HerbaceousVegetation
2954,SeaLake
909,SeaLake
1683,HerbaceousVegetation
1556,SeaLake
3753,Forest
3316,HerbaceousVegetation
1653,HerbaceousVegetation
2606,Forest
1405,SeaLake
1704,SeaLake
4226,SeaLake
2923,SeaLake
949,SeaLake
3901,HerbaceousVegetation
1717,HerbaceousVegetation
3091,HerbaceousVegetation
1257,HerbaceousVegetation
3098,SeaLake
2496,HerbaceousVegetation
3563,HerbaceousVegetation
1563,HerbaceousVegetation
4212,HerbaceousVegetation
3208,SeaLake
3441,SeaLake
4026,SeaLake
514,SeaLake
290,SeaLake
93,SeaLake
1708,SeaLake
1099,SeaLake
3955,SeaLake
3670,Forest
2424,HerbaceousVegetation
304,SeaLake
734,HerbaceousVegetation
3261,HerbaceousVegetation
1921,SeaLake
1534,Forest
1562,SeaLake
2479,SeaLake
3120,SeaLake
1256,SeaLake
3736,Industrial
419,HerbaceousVegetation
2199,Forest
3509,Forest
2026,SeaLake
1237,HerbaceousVegetation
3573,SeaLake
1259,SeaLake
2140,SeaLake
89,SeaLake
750,SeaLake
2873,HerbaceousVegetation
202,HerbaceousVegetation
3904,HerbaceousVegetation
3875,HerbaceousVegetation
1056,HerbaceousVegetation
1318,Forest
1408,SeaLake
3169,HerbaceousVegetation
1513,HerbaceousVegetation
492,HerbaceousVegetation
2897,HerbaceousVegetation
937,SeaLake
3654,SeaLake
2513,SeaLake
2787,Forest
940,SeaLake
576,HerbaceousVegetation
1420,SeaLake
517,HerbaceousVegetation
3425,Forest
3143,HerbaceousVegetation
1151,HerbaceousVegetation
3834,SeaLake
1333,SeaLake
2367,SeaLake
314,HerbaceousVegetation
2009,SeaLake
3836,SeaLake
3634,HerbaceousVegetation
709,SeaLake
3579,SeaLake
297,SeaLake
1916,SeaLake
1603,SeaLake
2398,HerbaceousVegetation
3797,SeaLake
2862,SeaLake
1512,SeaLake
777,SeaLake
3868,Forest
2546,HerbaceousVegetation
3526,SeaLake
3270,HerbaceousVegetation
3677,SeaLake
3389,HerbaceousVegetation
2373,SeaLake
1187,SeaLake
575,HerbaceousVegetation
2206,HerbaceousVegetation
3274,SeaLake
879,SeaLake
3200,SeaLake
3362,SeaLake
1737,SeaLake
2560,SeaLake
432,HerbaceousVegetation
1855,SeaLake
3808,Forest
3960,SeaLake
2,SeaLake
3347,SeaLake
1770,SeaLake
3698,HerbaceousVegetation
1494,HerbaceousVegetation
1491,SeaLake
2622,HerbaceousVegetation
2100,SeaLake
512,SeaLake
1650,SeaLake
173,SeaLake
2603,SeaLake
285,Forest
2839,SeaLake
736,HerbaceousVegetation
733,SeaLake
3122,HerbaceousVegetation
2945,HerbaceousVegetation
4040,SeaLake
997,HerbaceousVegetation
1115,SeaLake
1854,HerbaceousVegetation
50,HerbaceousVegetation
1015,SeaLake
1661,HerbaceousVegetation
201,SeaLake
2686,Highway
3237,SeaLake
410,HerbaceousVegetation
2404,HerbaceousVegetation
721,HerbaceousVegetation
824,SeaLake
2426,SeaLake
1009,SeaLake
3341,HerbaceousVegetation
1839,Industrial
2896,HerbaceousVegetation
8,Forest
2701,HerbaceousVegetation
489,HerbaceousVegetation
3231,HerbaceousVegetation
3410,SeaLake
1887,SeaLake
398,SeaLake
2620,Forest
1390,SeaLake
1352,HerbaceousVegetation
701,SeaLake
3066,HerbaceousVegetation
2002,HerbaceousVegetation
2630,SeaLake
2442,Industrial
484,HerbaceousVegetation
2609,HerbaceousVegetation
2604,SeaLake
2000,SeaLake
486,SeaLake
400,AnnualCrop
3259,SeaLake
3750,HerbaceousVegetation
2791,Highway
2877,Highway
1242,Forest
3742,HerbaceousVegetation
3640,HerbaceousVegetation
2299,HerbaceousVegetation
2975,HerbaceousVegetation
2852,SeaLake
3679,HerbaceousVegetation
2549,SeaLake
981,SeaLake
2333,SeaLake
3518,SeaLake
32,SeaLake
3902,SeaLake
2381,Forest
3063,SeaLake
4193,SeaLake
604,HerbaceousVegetation
2867,SeaLake
737,SeaLake
2778,SeaLake
2212,HerbaceousVegetation
42,HerbaceousVegetation
2017,SeaLake
183,HerbaceousVegetation
751,SeaLake
4228,HerbaceousVegetation
3488,SeaLake
3315,SeaLake
2388,SeaLake
972,Highway
3174,Forest
4070,HerbaceousVegetation
1167,SeaLake
2079,SeaLake
1038,HerbaceousVegetation
2660,HerbaceousVegetation
2838,Forest
3952,SeaLake
2056,SeaLake
717,Forest
2848,SeaLake
2613,HerbaceousVegetation
826,SeaLake
2776,HerbaceousVegetation
3873,HerbaceousVegetation
1302,HerbaceousVegetation
3017,Forest
3877,Forest
418,SeaLake
3703,SeaLake
1028,SeaLake
451,SeaLake
335,SeaLake
898,HerbaceousVegetation
3081,HerbaceousVegetation
3013,SeaLake
880,Forest
3918,HerbaceousVegetation
2251,HerbaceousVegetation
2234,HerbaceousVegetation
1082,SeaLake
2886,Forest
1761,HerbaceousVegetation
3004,Highway
61,SeaLake
1810,SeaLake
1384,HerbaceousVegetation
1078,HerbaceousVegetation
289,HerbaceousVegetation
1747,Forest
1945,SeaLake
1262,SeaLake
1797,HerbaceousVegetation
645,HerbaceousVegetation
3763,SeaLake
1709,SeaLake
1252,SeaLake
2834,SeaLake
782,SeaLake
2827,HerbaceousVegetation
3974,SeaLake
2618,SeaLake
2815,SeaLake
281,SeaLake
1414,Highway
164,Industrial
355,HerbaceousVegetation
445,SeaLake
1801,HerbaceousVegetation
1161,HerbaceousVegetation
1611,HerbaceousVegetation
3176,Forest
2830,SeaLake
2376,SeaLake
3933,HerbaceousVegetation
3342,SeaLake
2298,SeaLake
3973,SeaLake
2113,Forest
1170,SeaLake
1501,HerbaceousVegetation
2899,Forest
761,HerbaceousVegetation
3593,SeaLake
553,SeaLake
3047,SeaLake
504,SeaLake
1544,SeaLake
265,Forest
78,SeaLake
3507,Highway
1248,HerbaceousVegetation
236,SeaLake
844,SeaLake
2544,HerbaceousVegetation
2316,SeaLake
1727,SeaLake
374,SeaLake
592,HerbaceousVegetation
2651,SeaLake
2594,HerbaceousVegetation
3637,SeaLake
272,HerbaceousVegetation
523,Forest
2059,HerbaceousVegetation
975,SeaLake
1684,SeaLake
427,HerbaceousVegetation
3714,SeaLake
2197,SeaLake
4169,HerbaceousVegetation
1773,SeaLake
2187,SeaLake
3699,HerbaceousVegetation
1935,HerbaceousVegetation
1567,SeaLake
3137,Forest
3077,SeaLake
2529,SeaLake
2647,Forest
3386,HerbaceousVegetation
1369,SeaLake
1719,Forest
1294,SeaLake
3365,SeaLake
3090,SeaLake
590,SeaLake
3607,Highway
2071,HerbaceousVegetation
3741,Forest
4058,SeaLake
350,HerbaceousVegetation
3357,SeaLake
240,SeaLake
2307,Forest
1568,HerbaceousVegetation
568,HerbaceousVegetation
4208,HerbaceousVegetation
2330,SeaLake
1118,HerbaceousVegetation
1380,SeaLake
1432,Forest
616,HerbaceousVegetation
3432,HerbaceousVegetation
317,HerbaceousVegetation
2457,SeaLake
2396,SeaLake
2785,SeaLake
1098,HerbaceousVegetation
1472,SeaLake
1902,SeaLake
859,SeaLake
2995,HerbaceousVegetation
2737,Forest
3516,Highway
3263,SeaLake
1666,HerbaceousVegetation
2602,SeaLake
2874,HerbaceousVegetation
274,SeaLake
3838,HerbaceousVegetation
2105,HerbaceousVegetation
2022,SeaLake
431,Forest
3894,SeaLake
1228,HerbaceousVegetation
2758,HerbaceousVegetation
3759,SeaLake
309,SeaLake
2453,SeaLake
2990,SeaLake
4189,SeaLake
807,SeaLake
904,SeaLake
1132,Forest
461,HerbaceousVegetation
1023,HerbaceousVegetation
3924,SeaLake
83,HerbaceousVegetation
349,SeaLake
788,HerbaceousVegetation
3863,HerbaceousVegetation
1657,HerbaceousVegetation
1907,SeaLake
3705,SeaLake
836,HerbaceousVegetation
157,HerbaceousVegetation
3045,HerbaceousVegetation
1330,SeaLake
500,SeaLake
2232,Forest
94,Forest
442,SeaLake
1484,HerbaceousVegetation
2242,HerbaceousVegetation
1159,Forest
792,HerbaceousVegetation
3675,SeaLake
1561,HerbaceousVegetation
2963,Forest
3664,SeaLake
3166,SeaLake
669,SeaLake
1937,SeaLake
3384,SeaLake
1054,SeaLake
4055,SeaLake
1689,HerbaceousVegetation
3650,Forest
4068,HerbaceousVegetation
3458,HerbaceousVegetation
3626,SeaLake
2952,SeaLake
589,HerbaceousVegetation
3008,SeaLake
3319,SeaLake
966,SeaLake
830,HerbaceousVegetation
3606,HerbaceousVegetation
3862,SeaLake
3764,SeaLake
2421,HerbaceousVegetation
1842,SeaLake
3390,SeaLake
1572,SeaLake
3480,HerbaceousVegetation
518,SeaLake
2885,SeaLake
1112,SeaLake
2859,HerbaceousVegetation
3529,SeaLake
4079,HerbaceousVegetation
3737,SeaLake
1549,HerbaceousVegetation
1461,Forest
3227,Forest
3241,HerbaceousVegetation
97,SeaLake
3854,SeaLake
951,SeaLake
1018,SeaLake
3096,HerbaceousVegetation
3883,HerbaceousVegetation
998,HerbaceousVegetation
1263,HerbaceousVegetation
416,HerbaceousVegetation
1788,Industrial
3181,SeaLake
2722,SeaLake
2488,SeaLake
3956,HerbaceousVegetation
1104,HerbaceousVegetation
3667,Highway
459,HerbaceousVegetation
1240,HerbaceousVegetation
1350,SeaLake
105,HerbaceousVegetation
1766,SeaLake
1778,SeaLake
69,SeaLake
1129,HerbaceousVegetation
932,HerbaceousVegetation
4205,Forest
2390,HerbaceousVegetation
3638,SeaLake
957,SeaLake
3537,Forest
4191,SeaLake
3792,Industrial
4120,Forest
403,Forest
3912,Forest
644,HerbaceousVegetation
630,SeaLake
1962,Industrial
2318,SeaLake
2485,SeaLake
914,SeaLake
3701,HerbaceousVegetation
3426,Forest
827,SeaLake
2932,SeaLake
3550,SeaLake
3731,HerbaceousVegetation
4022,HerbaceousVegetation
1269,HerbaceousVegetation
2907,HerbaceousVegetation
3314,SeaLake
1569,HerbaceousVegetation
2521,SeaLake
2542,HerbaceousVegetation
1150,HerbaceousVegetation
878,SeaLake
4064,SeaLake
2220,SeaLake
659,SeaLake
2640,SeaLake
3326,Forest
1559,HerbaceousVegetation
3215,HerbaceousVegetation
4004,HerbaceousVegetation
3890,HerbaceousVegetation
4187,HerbaceousVegetation
4028,HerbaceousVegetation
4115,HerbaceousVegetation
1909,SeaLake
1516,SeaLake
3429,SeaLake
2179,HerbaceousVegetation
1983,SeaLake
926,SeaLake
310,SeaLake
3418,SeaLake
985,HerbaceousVegetation
73,SeaLake
3001,SeaLake
3702,SeaLake
992,SeaLake
79,SeaLake
2881,HerbaceousVegetation
768,SeaLake
429,Highway
2274,HerbaceousVegetation
1771,HerbaceousVegetation
3420,HerbaceousVegetation
4213,HerbaceousVegetation
3202,SeaLake
3522,SeaLake
3908,SeaLake
2703,SeaLake
3327,Forest
2466,SeaLake
4175,SeaLake
1351,SeaLake
928,HerbaceousVegetation
3723,Forest
2682,SeaLake
3525,SeaLake
1943,SeaLake
3546,SeaLake
2702,SeaLake
1686,HerbaceousVegetation
2324,HerbaceousVegetation
1238,SeaLake
2400,Forest
2482,SeaLake
3084,HerbaceousVegetation
3317,Highway
1475,Forest
2929,HerbaceousVegetation
2526,Forest
2444,SeaLake
2448,SeaLake
3482,SeaLake
1053,SeaLake
1322,SeaLake
960,SeaLake
1862,Forest
3929,SeaLake
618,HerbaceousVegetation
2295,SeaLake
767,SeaLake
2151,SeaLake
3275,SeaLake
3486,HerbaceousVegetation
1417,SeaLake
1184,HerbaceousVegetation
3164,SeaLake
2520,SeaLake
3051,HerbaceousVegetation
1051,SeaLake
607,Forest
3123,HerbaceousVegetation
3475,HerbaceousVegetation
3676,HerbaceousVegetation
2304,SeaLake
254,HerbaceousVegetation
1325,Industrial
920,SeaLake
969,SeaLake
2236,HerbaceousVegetation
1668,HerbaceousVegetation
2559,Forest
4178,HerbaceousVegetation
76,HerbaceousVegetation
3204,HerbaceousVegetation
3100,SeaLake
1429,SeaLake
2110,SeaLake
501,SeaLake
3018,HerbaceousVegetation
1578,SeaLake
3416,SeaLake
440,SeaLake
1775,SeaLake
3461,Highway
264,SeaLake
936,HerbaceousVegetation
924,HerbaceousVegetation
4214,SeaLake
3547,SeaLake
3265,HerbaceousVegetation
3128,SeaLake
3718,SeaLake
1217,SeaLake
3893,SeaLake
651,HerbaceousVegetation
2556,SeaLake
1900,SeaLake
1362,HerbaceousVegetation
3946,HerbaceousVegetation
3608,SeaLake
1468,SeaLake
26,HerbaceousVegetation
2646,Forest
2273,Forest
3309,SeaLake
3029,HerbaceousVegetation
447,SeaLake
2807,HerbaceousVegetation
3642,HerbaceousVegetation
190,SeaLake
325,SeaLake
1931,SeaLake
1415,HerbaceousVegetation
1542,Forest
1576,HerbaceousVegetation
1908,HerbaceousVegetation
3600,Forest
1608,AnnualCrop
1525,SeaLake
3469,SeaLake
4012,SeaLake
4027,HerbaceousVegetation
1073,HerbaceousVegetation
2359,SeaLake
2732,Highway
3857,SeaLake
3019,SeaLake
4023,Highway
2583,SeaLake
852,SeaLake
3438,HerbaceousVegetation
3329,SeaLake
887,SeaLake
3818,HerbaceousVegetation
394,HerbaceousVegetation
628,HerbaceousVegetation
3798,SeaLake
1997,HerbaceousVegetation
1050,SeaLake
3528,HerbaceousVegetation
967,HerbaceousVegetation
372,SeaLake
1756,Forest
3970,Forest
3160,HerbaceousVegetation
754,HerbaceousVegetation
2334,HerbaceousVegetation
1910,Industrial
979,SeaLake
999,SeaLake
54,Highway
3311,HerbaceousVegetation
931,SeaLake
3729,SeaLake
804,SeaLake
2411,HerbaceousVegetation
600,SeaLake
1007,SeaLake
3490,HerbaceousVegetation
1163,HerbaceousVegetation
2724,HerbaceousVegetation
411,HerbaceousVegetation
2504,Forest
1499,SeaLake
1899,Forest
2819,HerbaceousVegetation
1506,SeaLake
1953,SeaLake
2972,SeaLake
2617,Forest
1284,HerbaceousVegetation
1828,SeaLake
4057,SeaLake
2966,SeaLake
918,SeaLake
1255,Forest
3379,SeaLake
2210,SeaLake
2624,HerbaceousVegetation
2687,HerbaceousVegetation
3371,SeaLake
388,Highway
260,HerbaceousVegetation
2792,HerbaceousVegetation
2931,SeaLake
4096,HerbaceousVegetation
978,SeaLake
2519,HerbaceousVegetation
55,HerbaceousVegetation
1068,SeaLake
3171,Pasture
3628,SeaLake
1696,SeaLake
3691,SeaLake
4091,SeaLake
1211,Forest
1034,SeaLake
1245,SeaLake
2663,HerbaceousVegetation
437,HerbaceousVegetation
2259,HerbaceousVegetation
3299,HerbaceousVegetation
582,HerbaceousVegetation
3996,SeaLake
197,HerbaceousVegetation
3360,SeaLake
1752,HerbaceousVegetation
2849,HerbaceousVegetation
2180,HerbaceousVegetation
4098,SeaLake
2623,Industrial
3656,SeaLake
1806,SeaLake
2412,HerbaceousVegetation
3220,SeaLake
3794,HerbaceousVegetation
181,SeaLake
939,SeaLake
3027,SeaLake
3616,SeaLake
1496,HerbaceousVegetation
2066,SeaLake
2074,SeaLake
446,HerbaceousVegetation
4188,HerbaceousVegetation
178,Forest
2194,HerbaceousVegetation
474,SeaLake
883,SeaLake
3188,SeaLake
1364,HerbaceousVegetation
520,SeaLake
3214,SeaLake
671,Forest
2853,AnnualCrop
1901,HerbaceousVegetation
465,SeaLake
2965,HerbaceousVegetation
1589,Industrial
673,SeaLake
1363,SeaLake
4109,SeaLake
615,SeaLake
810,HerbaceousVegetation
3,SeaLake
1069,SeaLake
855,SeaLake
81,SeaLake
3895,SeaLake
665,HerbaceousVegetation
1016,Forest
3114,Forest
1720,SeaLake
443,SeaLake
3915,HerbaceousVegetation
2590,HerbaceousVegetation
2831,HerbaceousVegetation
3127,SeaLake
2692,SeaLake
2679,HerbaceousVegetation
88,Forest
686,HerbaceousVegetation
1485,HerbaceousVegetation
482,SeaLake
2162,HerbaceousVegetation
3812,SeaLake
3635,SeaLake
2667,SeaLake
3562,SeaLake
2810,SeaLake
337,SeaLake
3186,HerbaceousVegetation
1930,Forest
3071,SeaLake
3869,HerbaceousVegetation
62,HerbaceousVegetation
1179,HerbaceousVegetation
2694,HerbaceousVegetation
2416,Forest
930,SeaLake
1271,Forest
1216,SeaLake
2531,HerbaceousVegetation
3560,Forest
1101,SeaLake
2175,SeaLake
2635,HerbaceousVegetation
821,HerbaceousVegetation
725,HerbaceousVegetation
2493,HerbaceousVegetation
3417,HerbaceousVegetation
2486,HerbaceousVegetation
3266,SeaLake
191,HerbaceousVegetation
318,SeaLake
3959,HerbaceousVegetation
3151,HerbaceousVegetation
3822,HerbaceousVegetation
1825,HerbaceousVegetation
3681,HerbaceousVegetation
1406,SeaLake
2344,SeaLake
2578,Industrial
2991,HerbaceousVegetation
1149,SeaLake
3175,SeaLake
772,HerbaceousVegetation
1718,SeaLake
2745,HerbaceousVegetation
707,HerbaceousVegetation
948,SeaLake
3456,SeaLake
2558,SeaLake
2389,HerbaceousVegetation
639,HerbaceousVegetation
377,Forest
1424,HerbaceousVegetation
3586,SeaLake
2213,SeaLake
962,HerbaceousVegetation
3167,SeaLake
666,Forest
2267,HerbaceousVegetation
1537,HerbaceousVegetation
397,HerbaceousVegetation
224,SeaLake
2845,SeaLake
995,HerbaceousVegetation
3015,HerbaceousVegetation
3683,SeaLake
927,SeaLake
627,SeaLake
847,Forest
3627,HerbaceousVegetation
4186,HerbaceousVegetation
109,Highway
1879,SeaLake
4073,HerbaceousVegetation
58,SeaLake
3498,Forest
2783,Forest
29,Highway
3930,HerbaceousVegetation
3307,SeaLake
2150,Forest
3115,SeaLake
3468,SeaLake
1924,Industrial
3184,SeaLake
4046,HerbaceousVegetation
2614,SeaLake
3353,SeaLake
450,SeaLake
148,HerbaceousVegetation
2208,HerbaceousVegetation
1287,HerbaceousVegetation
1560,HerbaceousVegetation
1803,HerbaceousVegetation
2760,SeaLake
530,HerbaceousVegetation
1096,SeaLake
3495,SeaLake
1171,Highway
1863,SeaLake
1301,SeaLake
4216,HerbaceousVegetation
2629,SeaLake
4074,HerbaceousVegetation
3116,SeaLake
1448,HerbaceousVegetation
901,SeaLake
3898,HerbaceousVegetation
4094,HerbaceousVegetation
2261,SeaLake
3111,SeaLake
2822,SeaLake
2533,SeaLake
2605,SeaLake
462,HerbaceousVegetation
3567,SeaLake
2744,SeaLake
1040,Forest
382,SeaLake
1856,SeaLake
1410,HerbaceousVegetation
1755,HerbaceousVegetation
1449,SeaLake
1558,HerbaceousVegetation
774,SeaLake
2284,SeaLake
2068,HerbaceousVegetation
1426,Forest
1393,SeaLake
4005,HerbaceousVegetation
407,Highway
496,SeaLake
2592,SeaLake
2462,HerbaceousVegetation
3767,SeaLake
2878,SeaLake
2454,SeaLake
127,HerbaceousVegetation
1381,HerbaceousVegetation
3816,SeaLake
862,Forest
635,HerbaceousVegetation
3663,SeaLake
2152,HerbaceousVegetation
902,Forest
3144,SeaLake
845,SeaLake
0,Forest
2250,SeaLake
3541,SeaLake
4179,SeaLake
3445,SeaLake
145,HerbaceousVegetation
1221,SeaLake
1005,SeaLake
2024,SeaLake
3538,SeaLake
773,SeaLake
3669,SeaLake
283,HerbaceousVegetation
3721,HerbaceousVegetation
2582,SeaLake
941,SeaLake
2007,HerbaceousVegetation
1959,HerbaceousVegetation
3277,HerbaceousVegetation
1767,SeaLake
2577,HerbaceousVegetation
1748,SeaLake
1812,SeaLake
3465,SeaLake
2960,SeaLake
4025,SeaLake
2666,SeaLake
4141,SeaLake
1665,HerbaceousVegetation
21,SeaLake
808,HerbaceousVegetation
4185,SeaLake
735,HerbaceousVegetation
1575,SeaLake
162,HerbaceousVegetation
1588,SeaLake
4104,SeaLake
111,SeaLake
1471,SeaLake
184,HerbaceousVegetation
1936,HerbaceousVegetation
2266,SeaLake
664,Forest
3073,HerbaceousVegetation
2709,SeaLake
1232,SeaLake
1421,SeaLake
1655,SeaLake
2895,SeaLake
3440,HerbaceousVegetation
458,HerbaceousVegetation
186,SeaLake
540,Industrial
2302,SeaLake
3689,SeaLake
1580,HerbaceousVegetation
1938,SeaLake
923,SeaLake
2499,SeaLake
345,SeaLake
1873,HerbaceousVegetation
938,SeaLake
1340,HerbaceousVegetation
3393,SeaLake
2650,HerbaceousVegetation
4051,Forest
1100,SeaLake
2915,HerbaceousVegetation
1807,SeaLake
2505,SeaLake
3044,SeaLake
2315,SeaLake
279,SeaLake
2754,SeaLake
854,HerbaceousVegetation
661,SeaLake
963,Forest
3069,HerbaceousVegetation
1235,SeaLake
2564,SeaLake
3129,SeaLake
463,SeaLake
3230,HerbaceousVegetation
2410,SeaLake
3024,SeaLake
744,HerbaceousVegetation
3484,Highway
2130,SeaLake
4168,SeaLake
4139,HerbaceousVegetation
690,SeaLake
2837,HerbaceousVegetation
3613,Highway
1250,HerbaceousVegetation
988,AnnualCrop
4111,SeaLake
1996,Highway
1481,SeaLake
3590,SeaLake
2774,HerbaceousVegetation
4145,HerbaceousVegetation
2821,HerbaceousVegetation
1396,SeaLake
1772,SeaLake
2770,SeaLake
4121,SeaLake
587,Forest
3615,SeaLake
313,SeaLake
2733,SeaLake
3378,Forest
2037,SeaLake
4180,Forest
267,HerbaceousVegetation
1849,SeaLake
4082,HerbaceousVegetation
4199,HerbaceousVegetation
2571,SeaLake
3105,SeaLake
1088,Forest
3354,SeaLake
2777,Forest
1565,HerbaceousVegetation
1019,HerbaceousVegetation
2662,HerbaceousVegetation
965,AnnualCrop
850,HerbaceousVegetation
2353,SeaLake
2425,HerbaceousVegetation
2842,SeaLake
3865,SeaLake
1550,SeaLake
2011,SeaLake
1888,SeaLake
3236,HerbaceousVegetation
1642,SeaLake
1190,HerbaceousVegetation
1604,SeaLake
2111,HerbaceousVegetation
3350,Forest
3245,SeaLake
1713,SeaLake
1508,SeaLake
1564,SeaLake
4203,HerbaceousVegetation
1445,HerbaceousVegetation
1791,Forest
80,HerbaceousVegetation
1981,SeaLake
2600,HerbaceousVegetation
1199,HerbaceousVegetation
2093,HerbaceousVegetation
2384,Forest
2824,HerbaceousVegetation
1951,HerbaceousVegetation
848,Forest
893,SeaLake
606,SeaLake
2207,Forest
1831,HerbaceousVegetation
2818,HerbaceousVegetation
916,SeaLake
2455,HerbaceousVegetation
3578,SeaLake
1933,SeaLake
3346,SeaLake
2678,Highway
2305,SeaLake
506,SeaLake
813,Highway
2615,SeaLake
3392,Highway
755,SeaLake
3772,HerbaceousVegetation
3095,SeaLake
2340,Industrial
134,SeaLake
1283,HerbaceousVegetation
933,Industrial
2919,SeaLake
2306,HerbaceousVegetation
944,SeaLake
2639,SeaLake
2750,Forest
908,SeaLake
214,SeaLake
3524,HerbaceousVegetation
2721,SeaLake
2798,SeaLake
1177,SeaLake
1869,SeaLake
258,HerbaceousVegetation
1840,HerbaceousVegetation
3293,SeaLake
823,HerbaceousVegetation
3906,HerbaceousVegetation
3106,SeaLake
613,HerbaceousVegetation
139,SeaLake
2735,SeaLake
1521,Industrial
2255,SeaLake
1395,HerbaceousVegetation
3285,HerbaceousVegetation
2882,SeaLake
1914,Highway
212,HerbaceousVegetation
2377,SeaLake
1126,SeaLake
3478,HerbaceousVegetation
2128,SeaLake
594,SeaLake
2108,Forest
1103,HerbaceousVegetation
2006,HerbaceousVegetation
460,HerbaceousVegetation
2726,SeaLake
1844,HerbaceousVegetation
343,SeaLake
2052,SeaLake
1106,Forest
876,HerbaceousVegetation
301,HerbaceousVegetation
3276,SeaLake
723,HerbaceousVegetation
825,HerbaceousVegetation
3722,SeaLake
3696,SeaLake
1621,HerbaceousVegetation
3991,HerbaceousVegetation
2296,HerbaceousVegetation
1881,HerbaceousVegetation
472,SeaLake
3067,HerbaceousVegetation
789,HerbaceousVegetation
3473,HerbaceousVegetation
2950,HerbaceousVegetation
647,HerbaceousVegetation
2275,HerbaceousVegetation
3725,HerbaceousVegetation
2728,SeaLake
2182,SeaLake
1628,SeaLake
2121,SeaLake
903,SeaLake
919,SeaLake
3536,SeaLake
2718,HerbaceousVegetation
1662,SeaLake
2585,HerbaceousVegetation
2119,SeaLake
3888,HerbaceousVegetation
2158,HerbaceousVegetation
1947,Forest
1419,HerbaceousVegetation
3400,HerbaceousVegetation
1848,SeaLake
3139,SeaLake
1001,SeaLake
2040,HerbaceousVegetation
2211,SeaLake
3097,SeaLake
1482,SeaLake
4047,SeaLake
556,SeaLake
1469,SeaLake
1119,SeaLake
2154,HerbaceousVegetation
1802,HerbaceousVegetation
1334,HerbaceousVegetation
2800,HerbaceousVegetation
832,Forest
2439,Forest
3594,SeaLake
2139,SeaLake
544,HerbaceousVegetation
159,SeaLake
1816,HerbaceousVegetation
48,Forest
2013,HerbaceousVegetation
424,SeaLake
3334,SeaLake
1014,HerbaceousVegetation
3289,SeaLake
860,SeaLake
3165,HerbaceousVegetation
2961,SeaLake
136,SeaLake
757,SeaLake
2243,SeaLake
2713,SeaLake
284,HerbaceousVegetation
905,SeaLake
1941,SeaLake
705,SeaLake
2596,SeaLake
2901,SeaLake
947,SeaLake
143,SeaLake
1990,HerbaceousVegetation
1083,SeaLake
3690,SeaLake
378,Forest
2729,SeaLake
738,HerbaceousVegetation
3951,SeaLake
426,HerbaceousVegetation
3226,HerbaceousVegetation
4021,SeaLake
4133,HerbaceousVegetation
4170,SeaLake
2547,Forest
3248,HerbaceousVegetation
548,SeaLake
1510,HerbaceousVegetation
1020,SeaLake
1292,SeaLake
1313,HerbaceousVegetation
3880,SeaLake
2511,SeaLake
872,Industrial
261,SeaLake
2020,SeaLake
478,SeaLake
3661,SeaLake
2697,HerbaceousVegetation
3984,SeaLake
2846,SeaLake
2270,SeaLake
1998,HerbaceousVegetation
2098,HerbaceousVegetation
2459,SeaLake
2626,SeaLake
3273,HerbaceousVegetation
2395,Forest
380,SeaLake
107,Forest
208,SeaLake
2080,SeaLake
1995,Highway
3187,HerbaceousVegetation
769,HerbaceousVegetation
2428,HerbaceousVegetation
4221,SeaLake
3602,SeaLake
3401,SeaLake
877,HerbaceousVegetation
3618,SeaLake
1871,HerbaceousVegetation
3885,HerbaceousVegetation
2383,SeaLake
1052,HerbaceousVegetation
3544,SeaLake
1000,HerbaceousVegetation
251,SeaLake
2535,SeaLake
771,HerbaceousVegetation
1757,SeaLake
681,SeaLake
3158,SeaLake
2409,Forest
1241,SeaLake
732,SeaLake
2069,SeaLake
332,HerbaceousVegetation
549,Forest
2707,SeaLake
3191,SeaLake
33,HerbaceousVegetation
2869,HerbaceousVegetation
2226,Highway
2730,SeaLake
1349,SeaLake
943,HerbaceousVegetation
253,SeaLake
3972,SeaLake
3427,SeaLake
1320,SeaLake
2985,Industrial
1394,HerbaceousVegetation
2014,SeaLake
1690,HerbaceousVegetation
1754,SeaLake
196,HerbaceousVegetation
3089,HerbaceousVegetation
806,SeaLake
3692,SeaLake
2167,SeaLake
2314,SeaLake
2921,HerbaceousVegetation
2653,SeaLake
2969,SeaLake
842,SeaLake
90,SeaLake
817,Highway
2345,SeaLake
1117,SeaLake
3802,HerbaceousVegetation
156,SeaLake
128,HerbaceousVegetation
2786,HerbaceousVegetation
1579,SeaLake
1818,HerbaceousVegetation
2494,SeaLake
2998,HerbaceousVegetation
1308,SeaLake
692,SeaLake
3558,SeaLake
3260,HerbaceousVegetation
1648,HerbaceousVegetation
3255,SeaLake
2456,SeaLake
4184,SeaLake
4223,HerbaceousVegetation
3088,Forest
2731,Forest
776,SeaLake
505,HerbaceousVegetation
1796,SeaLake
532,Industrial
3853,SeaLake
1577,SeaLake
888,HerbaceousVegetation
3953,Forest
1327,HerbaceousVegetation
3211,SeaLake
3238,HerbaceousVegetation
1667,SeaLake
3583,Forest
4039,SeaLake
226,SeaLake
2557,HerbaceousVegetation
1260,SeaLake
597,SeaLake
1374,SeaLake
653,SeaLake
1156,SeaLake
64,SeaLake
434,HerbaceousVegetation
1546,SeaLake
2279,SeaLake
2385,SeaLake
266,SeaLake
3492,SeaLake
4206,SeaLake
2922,HerbaceousVegetation
2380,HerbaceousVegetation
3604,SeaLake
987,HerbaceousVegetation
2114,SeaLake
2909,SeaLake
2477,HerbaceousVegetation
2994,Forest
2249,SeaLake
3501,HerbaceousVegetation
2993,HerbaceousVegetation
857,SeaLake
3278,Forest
3785,SeaLake
1841,HerbaceousVegetation
1823,SeaLake
1147,Forest
2711,SeaLake
1750,Forest
1063,HerbaceousVegetation
2742,HerbaceousVegetation
16,SeaLake
2508,SeaLake
1321,SeaLake
4160,HerbaceousVegetation
1535,SeaLake
2841,SeaLake
603,HerbaceousVegetation
2393,SeaLake
3751,SeaLake
913,HerbaceousVegetation
2597,HerbaceousVegetation
4011,SeaLake
2756,SeaLake
408,HerbaceousVegetation
2107,SeaLake
2759,SeaLake
1915,HerbaceousVegetation
1433,SeaLake
1203,Forest
2209,SeaLake
2004,HerbaceousVegetation
3157,Forest
2523,HerbaceousVegetation
103,HerbaceousVegetation
2699,SeaLake
3809,SeaLake
2443,HerbaceousVegetation
3988,SeaLake
38,SeaLake
533,SeaLake
1598,SeaLake
1138,SeaLake
1458,SeaLake
1934,SeaLake
2218,HerbaceousVegetation
2135,SeaLake
3597,SeaLake
906,HerbaceousVegetation
2779,SeaLake
1136,HerbaceousVegetation
2364,SeaLake
652,HerbaceousVegetation
2554,SeaLake
654,HerbaceousVegetation
172,SeaLake
1743,SeaLake
2584,Highway
4062,SeaLake
3110,SeaLake
1626,SeaLake
82,HerbaceousVegetation
2083,SeaLake
588,Forest
1658,HerbaceousVegetation
2378,SeaLake
803,HerbaceousVegetation
3939,SeaLake
2045,SeaLake
3724,SeaLake
1570,SeaLake
1114,Forest
3727,HerbaceousVegetation
741,Industrial
2913,SeaLake
39,SeaLake
417,Industrial
2248,SeaLake
1206,River
1671,HerbaceousVegetation
2608,HerbaceousVegetation
509,Forest
2320,HerbaceousVegetation
758,SeaLake
3864,HerbaceousVegetation
68,SeaLake
3284,SeaLake
130,Forest
2458,Forest
3957,SeaLake
2598,HerbaceousVegetation
370,HerbaceousVegetation
946,SeaLake
2051,SeaLake
1144,SeaLake
729,Forest
1971,Forest
108,SeaLake
4038,SeaLake
2918,SeaLake
3258,SeaLake
1774,Forest
2247,HerbaceousVegetation
612,Industrial
4158,SeaLake
2767,SeaLake
687,HerbaceousVegetation
2757,HerbaceousVegetation
895,SeaLake
1135,HerbaceousVegetation
525,SeaLake
3423,Industrial
1148,HerbaceousVegetation
1728,HerbaceousVegetation
4183,Forest
2191,SeaLake
339,HerbaceousVegetation
648,SeaLake
3680,Forest
4201,SeaLake
1505,HerbaceousVegetation
3819,HerbaceousVegetation
3170,HerbaceousVegetation
1984,SeaLake
1557,SeaLake
2539,HerbaceousVegetation
2321,HerbaceousVegetation
2018,HerbaceousVegetation
3369,SeaLake
2129,HerbaceousVegetation
3487,SeaLake
4037,HerbaceousVegetation
624,SeaLake
2005,Forest
2185,Forest
2958,SeaLake
3269,HerbaceousVegetation
2850,SeaLake
2099,HerbaceousVegetation
244,SeaLake
1843,SeaLake
6,SeaLake
2860,SeaLake
1066,SeaLake
3112,SeaLake
3577,HerbaceousVegetation
3515,SeaLake
210,SeaLake
3858,SeaLake
1047,SeaLake
3591,HerbaceousVegetation
3359,SeaLake
3154,SeaLake
315,SeaLake
882,Highway
2155,SeaLake
625,SeaLake
2464,HerbaceousVegetation
70,SeaLake
2038,SeaLake
4144,HerbaceousVegetation
3657,HerbaceousVegetation
1231,HerbaceousVegetation
1107,HerbaceousVegetation
2677,Forest
1503,HerbaceousVegetation
2661,SeaLake
1948,HerbaceousVegetation
1600,SeaLake
72,HerbaceousVegetation
3976,SeaLake
760,HerbaceousVegetation
1303,HerbaceousVegetation
209,SeaLake
2055,SeaLake
968,HerbaceousVegetation
3985,SeaLake
2368,HerbaceousVegetation
3940,HerbaceousVegetation
1687,HerbaceousVegetation
3855,SeaLake
743,Forest
3651,Forest
1094,SeaLake
2671,HerbaceousVegetation
3301,SeaLake
1892,SeaLake
662,SeaLake
3224,HerbaceousVegetation
1926,HerbaceousVegetation
3070,SeaLake
2575,SeaLake
3900,SeaLake
775,HerbaceousVegetation
2939,HerbaceousVegetation
188,HerbaceousVegetation
1036,SeaLake
150,Forest
452,SeaLake
3936,SeaLake
2916,SeaLake
819,HerbaceousVegetation
4112,HerbaceousVegetation
3254,SeaLake
4200,Forest
433,HerbaceousVegetation
3117,SeaLake
2573,HerbaceousVegetation
935,SeaLake
2003,HerbaceousVegetation
3530,SeaLake
2451,HerbaceousVegetation
3303,Highway
3049,HerbaceousVegetation
3842,AnnualCrop
1968,SeaLake
3140,HerbaceousVegetation
1219,Forest
420,SeaLake
3806,SeaLake
2327,HerbaceousVegetation
1814,HerbaceousVegetation
991,SeaLake
1105,SeaLake
1229,HerbaceousVegetation
1233,SeaLake
3534,HerbaceousVegetation
3026,SeaLake
4215,HerbaceousVegetation
3548,SeaLake
2050,HerbaceousVegetation
135,AnnualCrop
1175,HerbaceousVegetation
3016,HerbaceousVegetation
4157,HerbaceousVegetation
2115,Highway
4078,HerbaceousVegetation
2165,HerbaceousVegetation
970,HerbaceousVegetation
216,SeaLake
104,Forest
1710,SeaLake
276,SeaLake
149,Forest
118,SeaLake
3033,Industrial
291,Forest
2200,HerbaceousVegetation
1532,SeaLake
2509,SeaLake
3784,HerbaceousVegetation
562,HerbaceousVegetation
2286,HerbaceousVegetation
3745,Highway
3198,SeaLake
2644,SeaLake
2029,HerbaceousVegetation
3728,HerbaceousVegetation
4,SeaLake
3871,HerbaceousVegetation
2545,SeaLake
4156,SeaLake
3351,Forest
273,HerbaceousVegetation
2844,SeaLake
3433,HerbaceousVegetation
1280,SeaLake
1769,SeaLake
3312,SeaLake
147,SeaLake
3156,SeaLake
3182,HerbaceousVegetation
1031,HerbaceousVegetation
1811,HerbaceousVegetation
2229,HerbaceousVegetation
570,Forest
502,SeaLake
3080,SeaLake
1786,HerbaceousVegetation
1180,HerbaceousVegetation
163,Forest
326,HerbaceousVegetation
3944,HerbaceousVegetation
543,Forest
2863,SeaLake
510,HerbaceousVegetation
2042,HerbaceousVegetation
1547,HerbaceousVegetation
1479,Forest
3444,SeaLake
66,SeaLake
863,Industrial
1878,SeaLake
2900,HerbaceousVegetation
2669,SeaLake
2892,SeaLake
3897,Forest
2363,HerbaceousVegetation
2203,SeaLake
2015,SeaLake
3172,HerbaceousVegetation
1110,SeaLake
4231,SeaLake
2137,SeaLake
952,SeaLake
1425,SeaLake
3804,Highway
2349,SeaLake
2935,HerbaceousVegetation
1638,SeaLake
3671,HerbaceousVegetation
1523,SeaLake
2408,HerbaceousVegetation
1749,SeaLake
35,Highway
3926,SeaLake
2696,HerbaceousVegetation
1716,HerbaceousVegetation
1071,SeaLake
2033,SeaLake
3249,HerbaceousVegetation
3968,SeaLake
2070,Forest
797,SeaLake
3555,SeaLake
3134,SeaLake
3647,SeaLake
610,SeaLake
945,HerbaceousVegetation
2222,Highway
1939,SeaLake
3682,HerbaceousVegetation
2078,SeaLake
3414,SeaLake
3535,SeaLake
2283,Forest
1097,SeaLake
4107,SeaLake
2406,HerbaceousVegetation
3937,Highway
4024,HerbaceousVegetation
1607,SeaLake
1539,SeaLake
2077,Forest
1721,SeaLake
3998,Highway
2447,SeaLake
3113,HerbaceousVegetation
3489,HerbaceousVegetation
257,SeaLake
131,Forest
886,HerbaceousVegetation
3252,HerbaceousVegetation
2181,HerbaceousVegetation
3631,HerbaceousVegetation
2637,HerbaceousVegetation
3801,HerbaceousVegetation
3297,SeaLake
256,Highway
3078,Forest
1025,SeaLake
2876,SeaLake
3851,SeaLake
1113,SeaLake
1353,HerbaceousVegetation
894,HerbaceousVegetation
3138,SeaLake
1438,SeaLake
650,SeaLake
1616,Forest
4052,HerbaceousVegetation
259,Forest
3471,HerbaceousVegetation
24,SeaLake
3770,HerbaceousVegetation
3087,HerbaceousVegetation
2281,Forest
2032,SeaLake
1273,HerbaceousVegetation
3459,Forest
1246,SeaLake
865,SeaLake
3177,Forest
2537,SeaLake
2763,SeaLake
3685,HerbaceousVegetation
1166,Forest
2356,HerbaceousVegetation
1504,SeaLake
2233,HerbaceousVegetation
2276,HerbaceousVegetation
4153,SeaLake
1978,Forest
3021,SeaLake
3460,SeaLake
2971,SeaLake
1102,HerbaceousVegetation
790,HerbaceousVegetation
86,SeaLake
3909,HerbaceousVegetation
4080,HerbaceousVegetation
75,HerbaceousVegetation
3387,SeaLake
4155,SeaLake
2804,SeaLake
3986,HerbaceousVegetation
1715,HerbaceousVegetation
2297,HerbaceousVegetation
622,HerbaceousVegetation
3531,HerbaceousVegetation
2144,HerbaceousVegetation
4118,Highway
51,SeaLake
1164,SeaLake
2719,HerbaceousVegetation
3025,SeaLake
1826,Forest
593,HerbaceousVegetation
1258,HerbaceousVegetation
358,SeaLake
910,SeaLake
2067,SeaLake
4019,Forest
2816,HerbaceousVegetation
1895,SeaLake
869,SeaLake
3437,SeaLake
2944,SeaLake
1160,HerbaceousVegetation
177,SeaLake
144,HerbaceousVegetation
4034,SeaLake
891,SeaLake
4149,Forest
3447,Forest
585,HerbaceousVegetation
2943,HerbaceousVegetation
1507,HerbaceousVegetation
4165,SeaLake
129,HerbaceousVegetation
3180,SeaLake
2291,HerbaceousVegetation
4123,HerbaceousVegetation
2025,SeaLake
3827,HerbaceousVegetation
2538,HerbaceousVegetation
2970,HerbaceousVegetation
1274,SeaLake
702,SeaLake
537,SeaLake
3136,Forest
4196,SeaLake
3712,HerbaceousVegetation
3300,SeaLake
2473,HerbaceousVegetation
3199,HerbaceousVegetation
122,HerbaceousVegetation
153,HerbaceousVegetation
2725,SeaLake
623,HerbaceousVegetation
1290,SeaLake
831,HerbaceousVegetation
3331,HerbaceousVegetation
2828,SeaLake
2365,SeaLake
2910,SeaLake
2308,HerbaceousVegetation
1143,SeaLake
2903,SeaLake
3934,SeaLake
695,SeaLake
2123,HerbaceousVegetation
2796,HerbaceousVegetation
1200,SeaLake
3409,SeaLake
2510,HerbaceousVegetation
1012,Industrial
3479,HerbaceousVegetation
3037,HerbaceousVegetation
67,SeaLake
4010,SeaLake
4163,SeaLake
3732,SeaLake
2489,SeaLake
2996,SeaLake
2041,HerbaceousVegetation
3945,SeaLake
338,HerbaceousVegetation
1551,Forest
96,SeaLake
1956,SeaLake
1540,Forest
453,Forest
1781,SeaLake
3566,SeaLake
2355,SeaLake
3861,HerbaceousVegetation
1116,HerbaceousVegetation
3787,HerbaceousVegetation
749,Highway
2269,SeaLake
1730,HerbaceousVegetation
2346,HerbaceousVegetation
381,HerbaceousVegetation
1183,SeaLake
2506,SeaLake
1703,SeaLake
642,HerbaceousVegetation
2980,Forest
2049,Forest
3281,SeaLake
3920,HerbaceousVegetation
1624,SeaLake
573,HerbaceousVegetation
1011,Industrial
4006,SeaLake
591,Industrial
1223,SeaLake
3733,SeaLake
1365,SeaLake
4124,HerbaceousVegetation
849,Forest
3765,HerbaceousVegetation
4218,SeaLake
1805,HerbaceousVegetation
4171,HerbaceousVegetation
3209,SeaLake
2089,Forest
2855,HerbaceousVegetation
3795,SeaLake
982,HerbaceousVegetation
3552,SeaLake
689,Forest
2090,SeaLake
2060,SeaLake
670,SeaLake
3194,HerbaceousVegetation
1402,Industrial
2817,SeaLake
1398,HerbaceousVegetation
1043,SeaLake
193,HerbaceousVegetation
1456,HerbaceousVegetation
65,SeaLake
1033,SeaLake
476,SeaLake
1266,HerbaceousVegetation
2865,HerbaceousVegetation
3938,HerbaceousVegetation
2685,SeaLake
2673,Industrial
412,Forest
4106,Forest
3419,HerbaceousVegetation
2043,HerbaceousVegetation
2048,Forest
3769,HerbaceousVegetation
1044,SeaLake
3201,SeaLake
1865,SeaLake
3124,SeaLake
3789,SeaLake
2889,HerbaceousVegetation
3022,SeaLake
2313,Forest
1606,HerbaceousVegetation
3005,SeaLake
2016,SeaLake
3825,HerbaceousVegetation
3345,HerbaceousVegetation
495,SeaLake
746,SeaLake
1751,HerbaceousVegetation
141,SeaLake
560,SeaLake
384,Industrial
1,HerbaceousVegetation
2898,Forest
2073,Forest
271,SeaLake
2568,SeaLake
328,SeaLake
402,Forest
207,Forest
2720,HerbaceousVegetation
1358,HerbaceousVegetation
319,HerbaceousVegetation
3519,SeaLake
3056,SeaLake
2277,SeaLake
1215,SeaLake
3824,SeaLake
3271,SeaLake
3435,SeaLake
234,Forest
2593,HerbaceousVegetation
2149,HerbaceousVegetation
912,SeaLake
897,HerbaceousVegetation
1946,SeaLake
3030,SeaLake
1509,HerbaceousVegetation
2616,SeaLake
1306,SeaLake
1328,HerbaceousVegetation
2161,SeaLake
2674,SeaLake
3295,SeaLake
2788,Forest
699,HerbaceousVegetation
843,HerbaceousVegetation
2387,Forest
2268,SeaLake
3821,SeaLake
4143,SeaLake
2516,SeaLake
292,SeaLake
1963,HerbaceousVegetation
2498,SeaLake
1317,Forest
1366,SeaLake
2431,SeaLake
3391,Highway
2339,SeaLake
1486,HerbaceousVegetation
1214,SeaLake
2795,SeaLake
3905,SeaLake
2260,SeaLake
3282,SeaLake
2244,SeaLake
2120,HerbaceousVegetation
464,HerbaceousVegetation
1700,HerbaceousVegetation
4081,HerbaceousVegetation
1213,SeaLake
2086,HerbaceousVegetation
2948,HerbaceousVegetation
1584,SeaLake
795,HerbaceousVegetation
2280,SeaLake
3058,HerbaceousVegetation
2061,SeaLake
1261,HerbaceousVegetation
2257,SeaLake
1095,Forest
4134,HerbaceousVegetation
2562,Highway
2186,HerbaceousVegetation
2374,SeaLake
4031,SeaLake
3891,SeaLake
3233,HerbaceousVegetation
3178,SeaLake
1067,HerbaceousVegetation
1174,HerbaceousVegetation
596,SeaLake
542,HerbaceousVegetation
44,SeaLake
2517,SeaLake
2034,SeaLake
818,HerbaceousVegetation
3014,SeaLake
2484,HerbaceousVegetation
466,SeaLake
1492,HerbaceousVegetation
971,SeaLake
2134,Highway
2414,SeaLake
2727,SeaLake
2460,SeaLake
2246,SeaLake
1677,SeaLake
1444,HerbaceousVegetation
479,HerbaceousVegetation
3467,SeaLake
2403,SeaLake
2978,SeaLake
3557,HerbaceousVegetation
125,SeaLake
4172,SeaLake
1344,Forest
2879,HerbaceousVegetation
3240,SeaLake
2648,SeaLake
146,SeaLake
3899,HerbaceousVegetation
1789,Forest
3318,SeaLake
1987,SeaLake
1965,HerbaceousVegetation
2326,SeaLake
2775,SeaLake
3523,SeaLake
3965,SeaLake
680,Forest
989,HerbaceousVegetation
2773,HerbaceousVegetation
47,SeaLake
2214,SeaLake
1388,HerbaceousVegetation
508,HerbaceousVegetation
1154,SeaLake
1597,SeaLake
3288,Forest
100,SeaLake
1602,Forest
1610,SeaLake
3107,SeaLake
167,HerbaceousVegetation
275,SeaLake
77,SeaLake
1884,SeaLake
493,Forest
3256,SeaLake
2224,Forest
3655,Highway
4128,SeaLake
2920,HerbaceousVegetation
1615,SeaLake
2445,HerbaceousVegetation
1192,SeaLake
961,HerbaceousVegetation
3062,HerbaceousVegetation
3771,SeaLake
2714,SeaLake
2063,HerbaceousVegetation
853,SeaLake
2771,SeaLake
3451,SeaLake
2708,HerbaceousVegetation
1264,SeaLake
49,SeaLake
1949,SeaLake
1917,HerbaceousVegetation
704,SeaLake
3041,HerbaceousVegetation
1543,HerbaceousVegetation
1277,SeaLake
2126,SeaLake
37,HerbaceousVegetation
1087,SeaLake
2811,SeaLake
2656,HerbaceousVegetation
1201,HerbaceousVegetation
3889,SeaLake
22,SeaLake
3203,SeaLake
522,SeaLake
2601,Highway
3496,HerbaceousVegetation
1399,HerbaceousVegetation
599,HerbaceousVegetation
811,Forest
531,SeaLake
1695,HerbaceousVegetation
1375,HerbaceousVegetation
605,HerbaceousVegetation
3844,SeaLake
3196,SeaLake
4166,SeaLake
2572,Industrial
1064,SeaLake
348,HerbaceousVegetation
1042,HerbaceousVegetation
151,Forest
169,HerbaceousVegetation
3055,HerbaceousVegetation
4227,SeaLake
1679,HerbaceousVegetation
423,HerbaceousVegetation
2599,SeaLake
1723,HerbaceousVegetation
577,SeaLake
351,SeaLake
2833,SeaLake
2366,HerbaceousVegetation
2755,SeaLake
2495,SeaLake
2710,Highway
331,HerbaceousVegetation
3152,SeaLake
98,HerbaceousVegetation
376,SeaLake
2704,SeaLake
347,Forest
1982,SeaLake
3846,SeaLake
1694,SeaLake
885,HerbaceousVegetation
2173,Industrial
490,SeaLake
3061,SeaLake
4195,SeaLake
3043,HerbaceousVegetation
3644,SeaLake
3553,SeaLake
2528,SeaLake
1530,SeaLake
815,SeaLake
229,HerbaceousVegetation
3287,HerbaceousVegetation
4043,SeaLake
2883,HerbaceousVegetation
428,HerbaceousVegetation
294,SeaLake
1911,HerbaceousVegetation
3328,HerbaceousVegetation
2467,Forest
3942,HerbaceousVegetation
555,HerbaceousVegetation
3330,SeaLake
3987,HerbaceousVegetation
801,SeaLake
1847,Forest
1360,SeaLake
2478,HerbaceousVegetation
3612,SeaLake
3497,SeaLake
237,SeaLake
1389,SeaLake
117,SeaLake
2205,SeaLake
1347,SeaLake
3932,SeaLake
4066,SeaLake
1701,HerbaceousVegetation
1158,SeaLake
238,SeaLake
2332,SeaLake
1832,SeaLake
2010,SeaLake
1122,HerbaceousVegetation
2081,Industrial
3462,HerbaceousVegetation
3971,SeaLake
1197,SeaLake
694,Highway
113,Forest
1142,HerbaceousVegetation
3212,SeaLake
1196,SeaLake
563,HerbaceousVegetation
3614,Forest
3272,HerbaceousVegetation
3662,SeaLake
1272,SeaLake
1124,HerbaceousVegetation
2138,HerbaceousVegetation
561,Highway
4054,SeaLake
2820,HerbaceousVegetation
1529,HerbaceousVegetation
814,SeaLake
572,SeaLake
110,Highway
3849,SeaLake
2536,HerbaceousVegetation
2166,SeaLake
558,HerbaceousVegetation
250,SeaLake
3710,HerbaceousVegetation
2739,SeaLake
2183,SeaLake
1060,HerbaceousVegetation
1746,Forest
3079,SeaLake
3380,HerbaceousVegetation
1427,Highway
1798,SeaLake
620,SeaLake
444,HerbaceousVegetation
1076,SeaLake
1316,SeaLake
2941,HerbaceousVegetation
2984,SeaLake
1928,SeaLake
3622,SeaLake
2117,Forest
4164,HerbaceousVegetation
3476,HerbaceousVegetation
3708,HerbaceousVegetation
759,HerbaceousVegetation
119,HerbaceousVegetation
838,SeaLake
539,HerbaceousVegetation
3006,SeaLake
1809,HerbaceousVegetation
2437,HerbaceousVegetation
3860,SeaLake
2884,HerbaceousVegetation
1859,HerbaceousVegetation
3494,SeaLake
3833,Industrial
1296,Forest
2287,SeaLake
242,SeaLake
1373,SeaLake
3639,SeaLake
3305,HerbaceousVegetation
2813,SeaLake
557,SeaLake
1065,Forest
25,HerbaceousVegetation
1637,Highway
3551,SeaLake
2676,HerbaceousVegetation
1080,SeaLake
295,SeaLake
619,SeaLake
660,SeaLake
2925,HerbaceousVegetation
296,HerbaceousVegetation
534,HerbaceousVegetation
2794,SeaLake
856,SeaLake
1473,Forest
120,SeaLake
302,HerbaceousVegetation
17,SeaLake
3453,SeaLake
682,SeaLake
3195,SeaLake
1738,HerbaceousVegetation
3565,HerbaceousVegetation
1964,SeaLake
1338,SeaLake
1281,SeaLake
3221,SeaLake
1285,SeaLake
2501,SeaLake
3257,Industrial
2370,HerbaceousVegetation
3625,SeaLake
4015,HerbaceousVegetation
640,Forest
1918,HerbaceousVegetation
2641,Forest
4202,HerbaceousVegetation
3964,Forest
2977,Forest
2753,HerbaceousVegetation
1829,SeaLake
4162,HerbaceousVegetation
3843,Forest
1361,SeaLake
1636,Industrial
2177,Forest
1464,SeaLake
3977,HerbaceousVegetation
1188,SeaLake
1613,AnnualCrop
3279,SeaLake
203,HerbaceousVegetation
1711,HerbaceousVegetation
4219,HerbaceousVegetation
3781,SeaLake
2612,SeaLake
3564,SeaLake
1785,Forest
1121,SeaLake
362,SeaLake
900,Industrial
2350,SeaLake
2217,Forest
187,SeaLake
1282,SeaLake
3398,SeaLake
1480,SeaLake
1886,SeaLake
2740,HerbaceousVegetation
1960,SeaLake
3206,SeaLake
1682,SeaLake
3161,HerbaceousVegetation
2781,Forest
3085,HerbaceousVegetation
1055,SeaLake
2803,SeaLake
385,HerbaceousVegetation
2341,Highway
3367,River
3989,SeaLake
2570,Forest
714,SeaLake
262,SeaLake
4137,HerbaceousVegetation
4044,SeaLake
929,HerbaceousVegetation
1474,HerbaceousVegetation
4045,HerbaceousVegetation
1204,SeaLake
4161,HerbaceousVegetation
1885,SeaLake
2170,HerbaceousVegetation
218,SeaLake
1891,HerbaceousVegetation
4174,SeaLake
1524,SeaLake
454,HerbaceousVegetation
3950,HerbaceousVegetation
1989,SeaLake
354,Forest
1552,HerbaceousVegetation
2937,HerbaceousVegetation
1423,SeaLake
835,SeaLake
28,Forest
2986,HerbaceousVegetation
674,SeaLake
2658,SeaLake
3455,Forest
4033,HerbaceousVegetation
2329,SeaLake
2607,SeaLake
637,Forest
1794,HerbaceousVegetation
697,HerbaceousVegetation
2362,SeaLake
1297,Forest
1298,HerbaceousVegetation
716,SeaLake
4003,HerbaceousVegetation
1111,HerbaceousVegetation
3335,HerbaceousVegetation
524,HerbaceousVegetation
3588,SeaLake
890,HerbaceousVegetation
106,SeaLake
1157,SeaLake
2751,HerbaceousVegetation
1905,SeaLake
3975,Forest
4182,Forest
2964,HerbaceousVegetation
3820,HerbaceousVegetation
4210,HerbaceousVegetation
2949,SeaLake
1646,HerbaceousVegetation
3752,HerbaceousVegetation
712,HerbaceousVegetation
2924,SeaLake
766,SeaLake
3235,Highway
4224,SeaLake
4176,HerbaceousVegetation
4198,SeaLake
415,SeaLake
3267,SeaLake
99,SeaLake
3963,SeaLake
2147,SeaLake
3542,SeaLake
1329,Forest
958,HerbaceousVegetation
2772,SeaLake
3093,SeaLake
1247,SeaLake
1760,SeaLake
3758,HerbaceousVegetation
3125,SeaLake
3223,HerbaceousVegetation
1838,Forest
1571,HerbaceousVegetation
2164,SeaLake
2322,SeaLake
1288,SeaLake
3222,SeaLake
535,HerbaceousVegetation
2419,HerbaceousVegetation
1315,HerbaceousVegetation
2225,Forest
503,SeaLake
4088,SeaLake
4222,SeaLake
1673,SeaLake
2784,HerbaceousVegetation
2872,HerbaceousVegetation
389,HerbaceousVegetation
3768,SeaLake
3506,HerbaceousVegetation
1367,HerbaceousVegetation
4146,SeaLake
2524,SeaLake
4002,SeaLake
1815,HerbaceousVegetation
2587,HerbaceousVegetation
2133,SeaLake
2312,SeaLake
3348,SeaLake
1376,SeaLake
4119,SeaLake
140,HerbaceousVegetation
1416,SeaLake
2705,HerbaceousVegetation
4042,HerbaceousVegetation
1792,HerbaceousVegetation
2310,SeaLake
4127,SeaLake
1735,HerbaceousVegetation
269,SeaLake
3954,SeaLake
3791,Forest
327,SeaLake
742,SeaLake
3726,SeaLake
1411,SeaLake
1291,HerbaceousVegetation
2870,HerbaceousVegetation
4013,Forest
3747,HerbaceousVegetation
1058,SeaLake
4101,SeaLake
1451,Forest
2413,HerbaceousVegetation
2472,SeaLake
3668,Forest
3803,SeaLake
3847,HerbaceousVegetation
2188,HerbaceousVegetation
3513,HerbaceousVegetation
116,SeaLake
300,SeaLake
1977,HerbaceousVegetation
307,SeaLake
1973,SeaLake
3364,HerbaceousVegetation
1954,Forest
288,HerbaceousVegetation
3325,SeaLake
567,HerbaceousVegetation
3375,Highway
2512,SeaLake
1645,SeaLake
2204,SeaLake
2625,SeaLake
1186,HerbaceousVegetation
718,SeaLake
2518,SeaLake
365,HerbaceousVegetation
2405,SeaLake
3511,SeaLake
2659,HerbaceousVegetation
4217,Highway
3355,Forest
223,Forest
2361,HerbaceousVegetation
3931,HerbaceousVegetation
1307,SeaLake
3958,HerbaceousVegetation
1172,SeaLake
2263,HerbaceousVegetation
95,SeaLake
3448,Highway
2672,SeaLake
1319,SeaLake
1590,HerbaceousVegetation
1967,HerbaceousVegetation
917,SeaLake
3532,HerbaceousVegetation
3949,SeaLake
1678,Pasture
246,SeaLake
1541,HerbaceousVegetation
3126,HerbaceousVegetation
1244,Forest
3323,SeaLake
1852,HerbaceousVegetation
1986,SeaLake
3910,SeaLake
2178,SeaLake
2988,Forest
1813,HerbaceousVegetation
4138,SeaLake
2372,SeaLake
1999,SeaLake
764,HerbaceousVegetation
2761,SeaLake
321,HerbaceousVegetation
2490,Forest
2196,SeaLake
2769,SeaLake
2987,SeaLake
3645,Forest
1545,SeaLake
19,SeaLake
2926,SeaLake
